Rk,Player,Pos,Age,Tm,G,GS,MP,FG,FGA,FG%,3P,3PA,3P%,2P,2PA,2P%,eFG%,FT,FTA,FT%,ORB,DRB,TRB,AST,STL,BLK,TOV,PF,PTS
1,Precious Achiuwa,C,23,TOR,38,11,23.3,3.9,8.1,0.482,0.5,2,0.26,3.4,6.1,0.557,0.515,1.9,2.8,0.689,2,4.6,6.6,1,0.6,0.7,1.2,2.1,10.2
2,Steven Adams,C,29,MEM,42,42,27,3.7,6.3,0.597,0,0,0,3.7,6.2,0.599,0.597,1.1,3.1,0.364,5.1,6.5,11.5,2.3,0.9,1.1,1.9,2.3,8.6
3,Bam Adebayo,C,25,MIA,56,56,35.1,8.5,15.7,0.54,0,0.2,0.083,8.5,15.5,0.547,0.541,4.4,5.5,0.799,2.6,7.2,9.9,3.3,1.2,0.8,2.5,2.8,21.4
4,Ochai Agbaji,SG,22,UTA,39,2,15.6,1.8,3.8,0.483,0.9,2.3,0.396,0.9,1.5,0.621,0.604,0.4,0.6,0.682,0.7,1.1,1.8,0.6,0.2,0.1,0.3,1.4,5
5,Santi Aldama,PF,22,MEM,56,18,22,3.3,7,0.474,1.4,3.7,0.364,2,3.3,0.601,0.571,1.4,1.9,0.729,1,3.6,4.6,1.2,0.7,0.7,0.7,1.9,9.4
6,Nickeil Alexander-Walker,SG,24,TOT,40,3,14.5,2.3,4.9,0.479,1,2.4,0.412,1.3,2.4,0.546,0.582,0.7,1,0.675,0.3,1.4,1.7,2,0.6,0.4,1.2,1.5,6.3
6,Nickeil Alexander-Walker,SG,24,UTA,36,3,14.7,2.3,4.7,0.488,1,2.4,0.402,1.3,2.3,0.578,0.591,0.8,1.1,0.692,0.2,1.4,1.6,2.1,0.7,0.4,1.3,1.6,6.3
6,Nickeil Alexander-Walker,SG,24,MIN,4,0,13,2.5,6,0.417,1.3,2.5,0.5,1.3,3.5,0.357,0.521,0,0.3,0,0.5,1.5,2,0.5,0.3,0.5,1,0.8,6.3
7,Grayson Allen,SG,27,MIL,56,54,27.6,3.4,7.8,0.44,2,4.9,0.404,1.4,2.8,0.503,0.569,1.7,1.9,0.906,0.9,2.5,3.4,2.4,0.8,0.2,1.1,1.6,10.5
8,Jarrett Allen,C,24,CLE,57,57,33.2,6.2,9.4,0.654,0,0.2,0.111,6.2,9.3,0.664,0.655,2.5,3.4,0.733,3.2,6.7,9.9,1.6,0.8,1.2,1.5,2.2,14.8
9,Jose Alvarado,PG,24,NOP,60,10,21.6,3.3,8,0.411,1.4,4.1,0.336,1.9,4,0.487,0.496,1.1,1.3,0.813,0.4,1.9,2.3,3.1,1.1,0.2,1.3,2.1,9.1
10,Kyle Anderson,PF,29,MIN,50,34,26.2,3.2,6.3,0.503,0.6,1.4,0.423,2.6,4.9,0.527,0.551,1.7,2.2,0.764,0.8,4.1,4.8,4.1,1.1,0.9,1.4,2.1,8.6
11,Giannis Antetokounmpo,PF,28,MIL,48,48,32.5,11.1,20.7,0.538,0.8,2.9,0.27,10.3,17.7,0.583,0.557,8.2,12.7,0.646,2.3,9.7,12,5.4,0.8,0.8,3.9,3.3,31.3
12,Thanasis Antetokounmpo,SF,30,MIL,26,0,4.1,0.2,0.8,0.25,0,0.2,0,0.2,0.6,0.313,0.25,0.2,0.3,0.5,0.3,0.7,1,0.2,0.1,0.1,0.3,0.5,0.5
13,Cole Anthony,PG,22,ORL,41,3,24.7,4.2,9.5,0.44,1.1,3.2,0.341,3.1,6.3,0.49,0.497,2.6,2.9,0.89,0.6,4,4.6,4.1,0.6,0.6,1.5,2.5,12
14,OG Anunoby,SF,25,TOR,48,48,35.8,6.1,13.4,0.453,1.8,5.1,0.356,4.3,8.3,0.514,0.522,2.4,2.9,0.825,1.4,3.9,5.4,2,2,0.8,2.1,3,16.4
15,Ryan Arcidiacono,PG,28,TOT,14,1,4.9,0.3,1,0.286,0.3,0.6,0.444,0,0.4,0,0.429,0,0,,0,0.7,0.7,0.6,0.1,0,0.2,0.4,0.9
15,Ryan Arcidiacono,PG,28,NYK,11,0,2.4,0.1,0.5,0.2,0.1,0.3,0.333,0,0.2,0,0.3,0,0,,0,0.4,0.4,0.2,0.2,0,0.1,0.3,0.3
15,Ryan Arcidiacono,PG,28,POR,3,1,14.3,1,3,0.333,1,2,0.5,0,1,0,0.5,0,0,,0,2,2,2,0,0,0.7,1,3
16,Deni Avdija,SF,22,WAS,58,33,26.3,3.3,7.4,0.439,0.9,3.1,0.294,2.4,4.4,0.539,0.499,1.7,2.2,0.752,1,5.2,6.2,2.6,0.9,0.5,1.5,2.9,9.1
17,Deandre Ayton,C,24,PHO,53,53,30.3,8.2,13.8,0.591,0.1,0.4,0.304,8,13.4,0.6,0.595,2.2,3,0.739,2.8,7.3,10.1,2,0.6,0.8,1.9,2.8,18.7
18,Udoka Azubuike,C,23,UTA,25,0,5.8,0.9,1.1,0.852,0,0,,0.9,1.1,0.852,0.852,0.1,0.2,0.333,0.6,1.6,2.2,0.2,0.2,0.2,0.4,0.5,1.9
19,Marvin Bagley III,C,23,DET,26,13,21.5,4.5,8.5,0.532,0.3,1.3,0.257,4.2,7.1,0.584,0.552,1.7,2.3,0.717,2.4,4,6.4,0.5,0.5,0.7,0.9,2,11
20,Patrick Baldwin Jr.,SF,20,GSW,19,0,8.8,1.9,4.2,0.45,1.5,3.3,0.468,0.4,0.9,0.389,0.631,0.2,0.3,0.667,0.1,1.5,1.5,0.2,0.3,0.1,0.4,0.4,5.5
21,LaMelo Ball,PG,21,CHO,35,35,35.6,8.3,20.3,0.407,3.9,10.7,0.367,4.3,9.6,0.452,0.504,2.9,3.5,0.843,1.2,5.2,6.4,8.5,1.3,0.3,3.5,3.3,23.4
22,Mo Bamba,C,24,TOT,43,6,16.9,2.6,5.3,0.485,1,2.7,0.385,1.5,2.6,0.591,0.584,0.9,1.4,0.661,1.1,3.7,4.8,1,0.3,1,0.6,2.3,7.1
22,Mo Bamba,C,24,ORL,40,6,17,2.7,5.4,0.495,1.1,2.7,0.398,1.6,2.7,0.594,0.596,0.9,1.3,0.686,1.2,3.4,4.6,1.1,0.3,1,0.6,2.2,7.3
22,Mo Bamba,C,24,LAL,3,0,14.7,1.3,4.3,0.308,0.7,3,0.222,0.7,1.3,0.5,0.385,1.3,2.7,0.5,0.7,6.7,7.3,0.7,0,1,1,3.7,4.7
23,Paolo Banchero,PF,20,ORL,54,54,33.7,6.4,15.4,0.418,1.1,4.1,0.277,5.3,11.3,0.469,0.455,5.7,7.5,0.752,1.2,5.4,6.6,3.6,0.9,0.5,2.7,2.2,19.7
24,Desmond Bane,SG,24,MEM,37,37,31.1,7.5,16.2,0.463,3,7.2,0.416,4.5,8.9,0.502,0.556,3.3,3.6,0.904,0.7,4.2,5,4.1,1,0.4,2.2,2.4,21.3
25,Dalano Banton,PG,23,TOR,27,2,9.3,1.7,4.1,0.411,0.5,1.7,0.283,1.2,2.4,0.5,0.469,0.6,0.7,0.789,0.3,1,1.3,1.1,0.5,0.4,0.6,1.1,4.4
26,Dominick Barlow,SF,19,SAS,11,0,10.1,1.3,2.4,0.538,0,0.4,0,1.3,2,0.636,0.538,0.8,0.9,0.9,1.3,1.3,2.5,0.6,0.2,0.2,0.5,1.9,3.4
27,Harrison Barnes,PF,30,SAC,60,60,32.6,4.5,9.6,0.469,1.6,4.4,0.37,2.9,5.2,0.553,0.554,4.1,4.9,0.836,1,3.6,4.6,1.6,0.8,0.1,1.1,1.3,14.7
28,Scottie Barnes,PF,21,TOR,59,58,35.3,6,13.3,0.453,0.9,3.1,0.301,5.1,10.2,0.499,0.488,2.6,3.4,0.769,2.3,4.7,7,4.8,1,0.9,2.1,2.2,15.5
29,RJ Barrett,SG,22,NYK,55,55,34.3,6.9,16.1,0.431,1.8,5.5,0.33,5.1,10.7,0.483,0.487,4,5.3,0.752,0.9,4.3,5.1,2.8,0.5,0.2,2.3,2.6,19.7
30,Will Barton,SG,32,WAS,40,0,19.6,2.8,7.1,0.387,1.3,3.4,0.38,1.5,3.7,0.395,0.479,0.9,1.1,0.778,0.3,2.5,2.8,2.4,0.4,0.3,1.1,1,7.7
31,Charles Bassey,C,22,SAS,28,1,13.9,2.2,3.4,0.642,0.1,0.3,0.429,2.1,3.1,0.659,0.658,0.7,1,0.655,2.1,3.4,5.5,1.3,0.4,0.9,1.1,2.1,5.1
32,Keita Bates-Diop,SF,27,SAS,47,25,20.6,3.1,6.4,0.492,0.6,1.6,0.364,2.5,4.7,0.536,0.538,1.4,1.8,0.791,1,2.4,3.4,1.2,0.7,0.3,0.8,1,8.3
33,Nicolas Batum,PF,34,LAC,59,11,22,2.1,5,0.418,1.6,4.1,0.384,0.5,0.9,0.564,0.574,0.5,0.7,0.667,0.9,3.3,4.2,1.5,0.6,0.7,0.7,2,6.3
34,Darius Bazley,PF,22,OKC,36,1,15.4,2,4.4,0.449,0.5,1.3,0.4,1.5,3.1,0.469,0.506,1,1.8,0.554,0.8,2.6,3.4,0.9,0.5,0.8,0.6,1,5.4
35,Bradley Beal,SG,29,WAS,38,38,33,8.7,16.8,0.515,1.7,4.6,0.371,6.9,12.2,0.569,0.566,3.7,4.4,0.839,0.8,2.8,3.6,5.3,0.9,0.7,2.8,1.9,22.7
36,Malik Beasley,SG,26,TOT,60,16,26.6,4.8,12.2,0.396,3.1,8.6,0.359,1.7,3.6,0.484,0.523,0.6,0.8,0.787,0.5,3.1,3.5,1.7,0.9,0.1,1.1,1.5,13.4
36,Malik Beasley,SG,26,UTA,55,13,26.8,4.8,12.2,0.396,3.1,8.6,0.359,1.7,3.6,0.485,0.522,0.7,0.8,0.841,0.5,3.1,3.6,1.7,0.8,0.1,1.1,1.4,13.4
36,Malik Beasley,SG,26,LAL,5,3,24.2,5,12.8,0.391,3.4,9.4,0.362,1.6,3.4,0.471,0.523,0,0.6,0,0,2.6,2.6,1.6,1.8,0,1.4,2.4,13.4
37,MarJon Beauchamp,SF,22,MIL,39,9,14.6,2.1,5.2,0.396,1,3.1,0.319,1.1,2.1,0.506,0.49,0.5,0.7,0.724,0.9,1.5,2.4,0.7,0.5,0.1,0.9,1.5,5.6
38,D?vis Bert?ns,PF,30,DAL,34,0,10.6,1.4,3.3,0.423,1.1,2.9,0.381,0.3,0.4,0.714,0.59,0.3,0.4,0.833,0.2,0.8,0.9,0.4,0.2,0.1,0.3,1.1,4.1
39,Patrick Beverley,PG,34,TOT,47,47,26.8,2.1,5.3,0.398,1.2,3.5,0.341,0.9,1.8,0.506,0.51,0.9,1.2,0.764,0.6,2.6,3.2,2.6,0.9,0.6,0.9,2.7,6.3
39,Patrick Beverley,PG,34,LAL,45,45,26.9,2.2,5.4,0.402,1.2,3.5,0.348,0.9,1.8,0.506,0.517,0.9,1.1,0.78,0.5,2.6,3.1,2.6,0.9,0.6,0.9,2.8,6.4
39,Patrick Beverley,PG,34,CHI,2,2,24,1,4,0.25,0.5,3,0.167,0.5,1,0.5,0.313,1.5,2.5,0.6,1,4,5,2.5,0,0.5,1,2.5,4
40,Saddiq Bey,SF,23,TOT,56,32,28.6,4.6,11.3,0.407,2,5.5,0.358,2.6,5.8,0.454,0.494,3.3,3.8,0.863,1.1,3.5,4.6,1.5,0.9,0.2,1,1.6,14.5
40,Saddiq Bey,SF,23,DET,52,30,28.8,4.7,11.7,0.404,1.9,5.6,0.345,2.8,6,0.46,0.488,3.5,4,0.861,1.1,3.5,4.7,1.6,1,0.2,1,1.7,14.8
40,Saddiq Bey,SF,23,ATL,4,2,24.8,3.3,7,0.464,2.5,4.3,0.588,0.8,2.8,0.273,0.643,0.8,0.8,1,1.3,3.3,4.5,0.5,0.5,0.3,1,1.3,9.8
41,Khem Birch,C,30,TOR,20,0,8.1,1,1.6,0.594,0.1,0.1,0.5,0.9,1.5,0.6,0.609,0.2,0.3,0.8,0.4,0.9,1.3,0.4,0.3,0.3,0.4,1.2,2.2
42,Goga Bitadze,C,23,TOT,22,0,9.6,1.3,2.5,0.527,0.2,0.7,0.333,1.1,1.8,0.6,0.573,0.5,1.1,0.48,1.2,1.3,2.5,0.9,0.4,0.5,0.5,1.6,3.4
42,Goga Bitadze,C,23,IND,21,0,9.6,1.3,2.5,0.519,0.2,0.7,0.286,1.1,1.8,0.605,0.558,0.5,1.1,0.458,1.2,1.1,2.3,0.9,0.4,0.5,0.6,1.6,3.3
42,Goga Bitadze,C,23,ORL,1,0,9,2,3,0.667,1,1,1,1,2,0.5,0.833,1,1,1,1,5,6,1,0,0,0,1,6
43,Bismack Biyombo,C,30,PHO,46,9,14,1.7,3,0.572,0,0,,1.7,3,0.572,0.572,0.3,1.1,0.314,1.1,3,4.1,0.9,0.3,1.3,0.9,1.8,3.8
44,Buddy Boeheim,PG,23,DET,1,0,1,0,0,,0,0,,0,0,,,0,0,,0,0,0,0,0,0,0,0,0
45,Bogdan Bogdanovi?,SG,30,ATL,36,5,29.6,5.4,12.3,0.437,2.8,7.1,0.394,2.6,5.3,0.495,0.55,1.1,1.4,0.78,0.4,3,3.4,3,0.9,0.3,1.3,1.7,14.6
46,Bojan Bogdanovi?,PF,33,DET,58,58,31.9,7.2,14.8,0.487,2.4,5.9,0.402,4.9,9,0.542,0.566,4.6,5.2,0.883,0.6,3.2,3.7,2.6,0.6,0.1,2.3,1.9,21.4
47,Bol Bol,PF,23,ORL,56,32,23,4.2,7.3,0.576,0.5,1.5,0.326,3.7,5.8,0.643,0.61,1.2,1.6,0.75,1.1,5,6.1,0.8,0.4,1.4,1.8,1.3,10.1
48,Leandro Bolmaro,SG,22,UTA,14,0,4.9,0.2,1.4,0.15,0,0.3,0,0.2,1.1,0.188,0.15,0,0,,0.3,0.2,0.5,0.5,0.2,0.1,0.5,0.7,0.4
49,Devin Booker,SG,26,PHO,35,35,34.1,9.5,20.1,0.473,2.1,6.2,0.347,7.4,13.9,0.529,0.526,5.3,6.3,0.841,0.8,3.8,4.6,5.7,0.8,0.3,2.5,2.8,26.5
50,Brandon Boston Jr.,SG,21,LAC,21,1,11.8,2.4,5.8,0.421,0.6,1.4,0.414,1.9,4.4,0.424,0.471,1.4,1.8,0.763,0.3,1,1.4,0.9,0.4,0,0.6,1,6.8
51,Chris Boucher,PF,30,TOR,56,0,20.8,3.5,7.2,0.489,0.8,2.6,0.315,2.7,4.6,0.585,0.545,1.9,2.5,0.739,2.2,3.7,5.9,0.4,0.7,0.9,0.5,2,9.7
52,James Bouknight,SG,22,CHO,26,0,13.6,1.5,4.7,0.328,0.6,2.5,0.25,0.9,2.2,0.414,0.393,0.6,0.8,0.682,0.2,1.8,2,1.1,0.5,0.2,0.7,1.1,4.3
53,Jamaree Bouyea,PG,23,MIA,4,0,16.3,1.5,3.3,0.462,0.5,1.3,0.4,1,2,0.5,0.538,0.3,0.5,0.5,0.3,1,1.3,1,1,0.5,1,1.3,3.8
54,Tony Bradley,C,25,CHI,12,0,2.8,0.5,1,0.5,0.3,0.4,0.6,0.3,0.6,0.429,0.625,0.3,0.3,1,0.1,0.8,0.9,0.1,0.1,0.1,0.1,0.2,1.6
55,Malaki Branham,SF,19,SAS,47,14,22.4,3.7,8.4,0.446,1.2,3.7,0.314,2.6,4.7,0.55,0.515,0.8,1,0.792,0.4,1.8,2.2,2,0.5,0.1,1.1,1.7,9.5
56,Christian Braun,SG,21,DEN,57,3,15.2,1.8,3.5,0.5,0.4,1.1,0.391,1.3,2.4,0.551,0.563,0.4,0.7,0.585,0.7,1.7,2.4,0.8,0.5,0.2,0.5,1.2,4.4
57,Mikal Bridges,SF,26,TOT,61,61,36.1,6.4,13.8,0.468,1.9,4.7,0.395,4.6,9.1,0.505,0.535,2.9,3.2,0.899,1,3.4,4.5,3.5,1.2,0.8,1.4,2,17.7
57,Mikal Bridges,SF,26,PHO,56,56,36.4,6.3,13.6,0.463,1.8,4.7,0.387,4.5,9,0.503,0.529,2.8,3.1,0.897,1,3.3,4.3,3.6,1.2,0.8,1.4,2.1,17.2
57,Mikal Bridges,SF,26,BRK,5,5,32.6,7.8,15.2,0.513,2.4,5,0.48,5.4,10.2,0.529,0.592,4.4,4.8,0.917,1.4,4.6,6,2.8,1.2,1,1.8,2,22.4
58,Oshae Brissett,SF,24,IND,49,1,16,1.7,4.5,0.388,0.8,2.4,0.333,0.9,2.1,0.451,0.477,1.2,1.8,0.693,0.9,2.5,3.4,0.5,0.6,0.2,0.4,1.3,5.5
59,Malcolm Brogdon,PG,30,BOS,52,0,25.4,5.1,10.5,0.486,2.1,4.4,0.465,3.1,6.1,0.502,0.584,2.4,2.7,0.887,0.7,3.6,4.2,3.7,0.6,0.3,1.6,1.6,14.7
60,Dillon Brooks,SF,27,MEM,54,54,30.4,5.5,14.1,0.392,1.8,5.7,0.313,3.7,8.3,0.447,0.456,1.8,2.3,0.795,0.6,2.6,3.3,2.5,0.8,0.2,1.5,3.3,14.6
61,Bruce Brown,SG,26,DEN,61,28,28.6,4.4,9,0.485,1.3,3.4,0.38,3.1,5.6,0.55,0.557,1.1,1.5,0.722,0.7,3.2,3.9,3.6,1,0.6,1.6,2.4,11.1
62,Greg Brown III,PF,21,POR,16,0,5.8,0.7,1.8,0.393,0.1,0.4,0.143,0.6,1.3,0.476,0.411,0.3,0.8,0.417,0.1,1.1,1.2,0.2,0.3,0.3,0.4,0.8,1.8
63,Jaylen Brown,SF,26,BOS,50,50,35.7,9.9,20.3,0.486,2.5,7.5,0.336,7.4,12.8,0.574,0.548,4.3,5.5,0.777,1.3,5.8,7,3.2,1.1,0.4,3.1,2.7,26.5
64,Kendall Brown,SG,19,IND,6,0,6.7,0.7,1.2,0.571,0,0.2,0,0.7,1,0.667,0.571,0.2,0.3,0.5,0.3,0.7,1,0.5,0.7,0,0.3,1.5,1.5
65,Moses Brown,C,23,LAC,34,1,8.5,1.8,2.8,0.635,0,0,,1.8,2.8,0.635,0.635,1,2.1,0.458,1.7,2.4,4.1,0.1,0.1,0.4,0.4,1.1,4.6
66,Sterling Brown,SG,27,LAL,4,0,6,0,1,0,0,0.5,0,0,0.5,0,0,0,0,,0.8,1.3,2,0.5,0.8,0,0,1,0
67,Troy Brown Jr.,SF,23,LAL,55,31,23.9,2.6,6,0.434,1.3,3.5,0.361,1.4,2.6,0.532,0.538,0.5,0.5,0.963,0.9,3.3,4.2,1.1,0.7,0.1,0.7,1.5,7
68,Jalen Brunson,PG,26,NYK,58,58,35.1,8.5,17.6,0.48,1.9,4.6,0.407,6.6,13,0.507,0.534,4.9,5.8,0.837,0.6,3,3.6,6.2,0.9,0.3,2,2.3,23.7
69,Thomas Bryant,C,25,TOT,47,25,20.2,4.4,6.9,0.64,0.5,1.1,0.431,3.9,5.8,0.679,0.674,1.9,2.5,0.739,1.6,4.9,6.4,0.6,0.3,0.6,0.7,1.8,11.1
69,Thomas Bryant,C,25,LAL,41,25,21.4,4.8,7.3,0.654,0.5,1.2,0.44,4.3,6.1,0.697,0.691,2,2.6,0.741,1.6,5.2,6.8,0.7,0.3,0.6,0.7,1.9,12.1
69,Thomas Bryant,C,25,DEN,6,0,12.3,1.5,3.5,0.429,0,0.2,0,1.5,3.3,0.45,0.429,1.3,1.8,0.727,1.3,2.7,4,0,0.2,0.5,1,1.5,4.3
70,Reggie Bullock,SF,31,DAL,60,37,30.3,2.3,5.8,0.397,1.9,4.9,0.375,0.5,0.9,0.519,0.556,0.4,0.6,0.686,0.5,3,3.5,1.4,0.8,0.2,0.5,2.3,6.9
71,Alec Burks,SG,31,DET,48,6,21.9,3.9,8.9,0.442,1.9,4.5,0.431,2,4.4,0.455,0.552,3,3.6,0.811,0.4,2.6,3,2.2,0.7,0.1,1.1,1.9,12.7
72,Deonte Burton,SG,29,SAC,2,0,3,0,1,0,0,0.5,0,0,0.5,0,0,0,0,,0,0,0,0,0,0,0,0,0
73,Jimmy Butler,SF,33,MIA,46,46,33.4,7.2,14,0.515,0.5,1.7,0.312,6.7,12.3,0.542,0.533,7,8.2,0.847,2.2,3.7,5.8,5,1.9,0.3,1.7,1.3,21.9
74,John Butler,C,20,POR,9,0,3.3,0.1,0.6,0.2,0,0.4,0,0.1,0.1,1,0.2,0,0,,0.1,0.1,0.2,0.1,0.1,0.3,0,0.2,0.2
75,Jamal Cain,SF,23,MIA,14,0,13.3,1.9,3.6,0.52,0.1,0.9,0.167,1.7,2.7,0.632,0.54,0.9,1.1,0.75,0.9,1.9,2.8,0.6,0.6,0,0.3,1.1,4.7
76,Kentavious Caldwell-Pope,SG,29,DEN,59,59,31.5,4.1,8.5,0.48,1.9,4.3,0.452,2.1,4.2,0.508,0.594,1.4,1.6,0.842,0.5,2.4,2.9,2.3,1.4,0.5,1.2,2.1,11.4
77,Facundo Campazzo,PG,31,DAL,8,0,6.5,0.4,1.6,0.231,0.4,1.4,0.273,0,0.3,0,0.346,0.1,0.3,0.5,0,0.3,0.3,1.1,0.8,0,0.4,0.4,1.3
78,Vlatko ?an?ar,PF,25,DEN,47,8,16.3,2.1,4.2,0.497,0.9,2.1,0.412,1.3,2.2,0.578,0.598,0.6,0.7,0.935,0.5,1.9,2.3,1.5,0.4,0.3,0.7,1.6,5.7
79,Clint Capela,C,28,ATL,45,43,26.6,5.4,8.7,0.624,0,0,0,5.4,8.7,0.626,0.624,1.1,1.9,0.593,4.2,7,11.2,0.8,0.7,1.2,0.8,2.2,12
80,Vernon Carey Jr.,C,21,WAS,11,0,2.5,0.2,0.7,0.25,0,0,,0.2,0.7,0.25,0.25,0.2,0.2,1,0.3,0.7,1,0.3,0.2,0.2,0.2,0.5,0.5
81,Jevon Carter,PG,27,MIL,60,33,22.7,2.8,6.6,0.422,1.6,3.9,0.403,1.3,2.8,0.449,0.539,0.4,0.5,0.781,0.4,2.2,2.7,2.5,1,0.4,1.1,2,7.6
82,Wendell Carter Jr.,C,23,ORL,41,38,29.8,5.6,10.8,0.517,1.2,3.6,0.349,4.3,7.2,0.6,0.575,2.8,3.7,0.739,2.1,6.5,8.7,2.6,0.4,0.6,2.2,3,15.1
83,Alex Caruso,PG,28,CHI,51,21,24.2,1.9,4.3,0.442,0.8,2.2,0.375,1.1,2.1,0.514,0.539,0.9,1.1,0.793,0.6,2.5,3.1,3.2,1.6,0.6,1.3,2.5,5.5
84,Julian Champagnie,SF,21,PHI,2,0,3.5,0,1,0,0,0.5,0,0,0.5,0,0,0,0,,0,0,0,0,0.5,0,0,0,0
85,Justin Champagnie,SF,21,TOR,3,0,3.7,1,1,1,0,0,,1,1,1,1,0,0,,0.3,1,1.3,0.3,0,0,0,0.3,2
86,Kennedy Chandler,PG,20,MEM,25,0,9,1.1,2.7,0.397,0.1,0.6,0.143,1,2.2,0.463,0.412,0.2,0.4,0.455,0.3,1,1.2,1.9,0.4,0.2,0.6,0.5,2.4
87,Max Christie,SG,19,LAL,35,3,14.2,1.2,2.9,0.417,0.7,1.8,0.419,0.5,1.2,0.415,0.544,0.4,0.5,0.875,0.2,1.9,2.1,0.5,0.2,0.2,0.4,0.9,3.6
88,Josh Christopher,SG,21,HOU,42,1,10.4,1.9,4.2,0.46,0.3,1.2,0.245,1.6,3,0.543,0.494,0.6,0.9,0.73,0.3,0.8,1.1,0.9,0.4,0.2,0.9,0.8,4.8
89,Brandon Clarke,PF,26,MEM,53,8,19.9,4.2,6.4,0.661,0,0.1,0.167,4.2,6.3,0.67,0.662,1.8,2.5,0.722,1.6,4,5.6,1.3,0.6,0.7,1,2.4,10.3
90,Jordan Clarkson,SG,30,UTA,60,60,32.6,7.5,16.9,0.445,2.6,7.6,0.341,5,9.4,0.528,0.521,3.2,4,0.819,1.2,2.9,4,4.3,0.5,0.2,3.1,2,20.9
91,Nic Claxton,C,23,BRK,56,56,29.4,5.5,7.6,0.715,0,0,0,5.5,7.6,0.718,0.715,1.7,3.3,0.511,2.5,6.5,9,1.7,0.8,2.6,1.3,2.8,12.6
92,Amir Coffey,SG,25,LAC,41,9,13.9,1.3,3.3,0.39,0.2,0.9,0.27,1,2.4,0.434,0.426,1.1,1.3,0.818,0.4,0.9,1.2,1.2,0.2,0.1,0.4,1.2,3.9
93,John Collins,PF,25,ATL,51,51,31,5.2,10.2,0.508,0.8,3.2,0.256,4.4,7,0.624,0.548,2,2.5,0.813,1.1,5.9,7,1.2,0.7,1.2,1.2,3.2,13.2
94,Zach Collins,C,25,SAS,50,13,21.4,4,7.5,0.532,0.6,1.8,0.36,3.3,5.7,0.586,0.575,1.6,2.1,0.745,1.8,4.2,6,2.6,0.5,0.6,1.9,3.2,10.2
95,Mike Conley,PG,35,TOT,48,47,29.8,3.5,8.7,0.406,1.8,5,0.361,1.7,3.7,0.466,0.51,1.7,2.1,0.812,0.4,2,2.5,7.5,1,0.2,1.7,2.1,10.5
95,Mike Conley,PG,35,UTA,43,42,29.7,3.6,8.7,0.408,1.8,5,0.362,1.8,3.8,0.469,0.511,1.8,2.2,0.813,0.4,2.1,2.5,7.7,1,0.2,1.7,2.2,10.7
95,Mike Conley,PG,35,MIN,5,5,31.2,3.2,8.2,0.39,1.8,5,0.36,1.4,3.2,0.438,0.5,0.8,1,0.8,0.6,1.6,2.2,5.6,1.2,0.2,1.4,1.8,9
96,Pat Connaughton,SG,30,MIL,42,25,25.1,3,7.6,0.39,2,5.8,0.348,0.9,1.8,0.527,0.524,0.4,0.7,0.607,0.8,4.2,5,1.3,0.7,0.1,0.6,1.1,8.3
97,Robert Covington,PF,32,LAC,36,0,16.2,1.9,4.7,0.406,1,2.9,0.333,0.9,1.8,0.523,0.509,0.7,0.9,0.735,0.7,3,3.7,1.3,0.7,0.8,0.6,1.9,5.5
98,Torrey Craig,SF,32,PHO,59,49,25.8,3,6.6,0.452,1.3,3.2,0.405,1.7,3.4,0.497,0.551,0.5,0.6,0.73,2.1,3.7,5.8,1.6,0.7,0.6,1,2.4,7.7
99,Jae Crowder,SF,32,MIL,2,0,20.5,2.5,4,0.625,2,2.5,0.8,0.5,1.5,0.333,0.875,1,2,0.5,0.5,2.5,3,1,1,0,1,2.5,8
100,Jarrett Culver,SG,23,ATL,10,1,13.7,1.7,4.3,0.395,0.1,1.2,0.083,1.6,3.1,0.516,0.407,0.9,1.3,0.692,1,2.8,3.8,0.6,0.6,0.2,0.7,1.4,4.4
101,Cade Cunningham,PG,21,DET,12,12,33.3,7.8,18.7,0.415,1.4,5.1,0.279,6.3,13.6,0.466,0.453,3,3.6,0.837,1,5.2,6.2,6,0.8,0.6,3.3,2.8,19.9
102,Seth Curry,SG,32,BRK,42,6,22.4,3.9,8.2,0.468,1.8,4.3,0.423,2,3.9,0.518,0.579,0.8,0.8,0.971,0.3,1.6,1.9,2,0.6,0.2,1,1.8,10.4
103,Stephen Curry,PG,34,GSW,38,38,34.6,9.8,19.8,0.495,4.9,11.4,0.427,4.9,8.4,0.588,0.619,5,5.4,0.922,0.6,5.8,6.3,6.4,1,0.4,3.2,2.2,29.4
104,Dyson Daniels,PG,19,NOP,40,11,19.6,1.7,3.9,0.445,0.5,1.5,0.333,1.2,2.4,0.516,0.51,0.5,0.7,0.621,0.7,2.8,3.5,2.5,0.9,0.3,1.1,1.9,4.4
105,Anthony Davis,C,29,LAL,37,35,33.2,9.7,17.2,0.564,0.4,1.5,0.241,9.4,15.8,0.593,0.574,6,7.4,0.813,3.3,9.1,12.4,2.5,1.1,2,2.1,2.7,25.7
106,Johnny Davis,SG,20,WAS,13,0,4.8,0.5,1.4,0.333,0.1,0.3,0.25,0.4,1.1,0.357,0.361,0.2,0.2,1,0.1,0.5,0.6,0.2,0.1,0.1,0.2,1,1.2
107,Terence Davis,SG,25,SAC,47,4,13.9,2.6,5.9,0.446,1.4,3.8,0.382,1.2,2.1,0.561,0.569,0.7,0.7,0.886,0.4,2,2.4,1.3,0.8,0.3,0.9,1.9,7.3
108,JD Davison,PG,20,BOS,6,0,2.3,0.3,1.3,0.25,0,0.5,0,0.3,0.8,0.4,0.25,0,0,,0,0.3,0.3,0.2,0.2,0,0.2,0,0.7
109,Darius Days,PF,23,HOU,4,0,6.3,1.3,3,0.417,0.8,2.5,0.3,0.5,0.5,1,0.542,0.5,0.5,1,0.3,1.3,1.5,0.3,0,0.3,0,0.5,3.8
110,Dewayne Dedmon,C,33,MIA,30,0,11.7,2.1,4.3,0.496,0.4,1.2,0.297,1.8,3.1,0.576,0.539,1.1,1.5,0.727,0.9,2.7,3.6,0.5,0.2,0.5,0.6,2,5.7
111,Matthew Dellavedova,PG,32,SAC,25,0,5.9,0.5,1.3,0.364,0.2,0.6,0.375,0.2,0.7,0.353,0.455,0.1,0.2,0.6,0,0.3,0.4,1.3,0.2,0,0.3,0.6,1.3
112,DeMar DeRozan,SF,33,CHI,55,55,36.1,9.1,17.9,0.51,0.5,1.6,0.307,8.7,16.3,0.529,0.523,6.5,7.4,0.881,0.4,4.2,4.6,5.1,1,0.5,2.2,2.7,25.3
113,Moussa Diabaté,PF,21,LAC,18,1,9.6,1.2,2.2,0.525,0.1,0.1,0.5,1.1,2.1,0.526,0.538,0.6,0.9,0.625,1.6,0.9,2.5,0.2,0.3,0.3,0.5,0.7,2.9
114,Mamadi Diakite,PF,26,CLE,16,2,6.1,0.7,1.6,0.423,0.3,0.9,0.267,0.4,0.7,0.636,0.5,0,0,,0.2,0.6,0.8,0.1,0.1,0.4,0.4,0.8,1.6
115,Hamidou Diallo,SG,24,DET,52,0,16.9,3.6,6.2,0.577,0.1,0.3,0.278,3.5,5.9,0.595,0.585,1.5,2.5,0.595,1,2.4,3.4,0.9,0.9,0.3,1.2,2.2,8.8
116,Gorgui Dieng,C,33,SAS,21,1,9.6,1.1,3,0.387,0.6,2,0.279,0.6,0.9,0.632,0.484,0.2,0.3,0.833,0.9,1.8,2.6,1.4,0.1,0.3,0.8,1.4,3.1
117,Ousmane Dieng,SF,19,OKC,19,0,14.9,1.7,4.1,0.416,0.7,2.4,0.289,1,1.7,0.594,0.5,0.1,0.3,0.4,0.4,2.2,2.6,1.4,0.3,0.3,0.6,1.2,4.2
118,Spencer Dinwiddie,PG,29,TOT,59,59,34.1,5.8,13,0.448,2.5,6.4,0.394,3.3,6.6,0.5,0.544,3.3,4,0.828,0.3,2.8,3.2,5.3,0.8,0.3,1.7,2.4,17.5
118,Spencer Dinwiddie,PG,29,DAL,53,53,34.1,6,13.1,0.455,2.6,6.4,0.405,3.4,6.7,0.504,0.555,3.2,3.9,0.821,0.4,2.7,3.1,5.3,0.7,0.3,1.7,2.3,17.7
118,Spencer Dinwiddie,PG,29,BRK,6,6,34,4.7,12.3,0.378,1.7,5.8,0.286,3,6.5,0.462,0.446,4.5,5.2,0.871,0.2,3.7,3.8,5.7,1,0,2,2.5,15.5
119,Donte DiVincenzo,SG,26,GSW,51,16,25.6,3.2,7.3,0.436,2.1,5.1,0.416,1.1,2.2,0.482,0.582,0.7,0.9,0.818,0.9,3.3,4.2,3.3,1.4,0.1,1.5,1.8,9.2
120,Luka Don?i?,PG,23,DAL,52,52,36.4,11.2,22.1,0.504,2.7,7.8,0.35,8.4,14.3,0.589,0.566,8,11,0.732,0.9,7.9,8.8,8.1,1.5,0.5,3.7,2.6,33.1
121,Tyler Dorsey,SG,26,DAL,3,0,2.7,1.3,1.7,0.8,0.3,0.7,0.5,1,1,1,0.9,0,0,,0.3,0.3,0.7,0,0,0,0,0,3
122,Luguentz Dort,SG,23,OKC,53,52,30.2,4.8,11.8,0.406,1.9,5.4,0.349,2.9,6.5,0.453,0.485,2.6,3.5,0.76,1.5,2.9,4.4,2.2,1,0.3,1.3,3.2,14.1
123,Ayo Dosunmu,SG,23,CHI,59,49,28.3,3.8,7.7,0.494,0.8,2.6,0.318,3,5.1,0.583,0.547,0.9,1.1,0.806,0.7,2.4,3.1,2.8,0.7,0.3,1.4,2.5,9.3
124,Devon Dotson,PG,23,WAS,6,0,8.8,0.2,1.7,0.1,0.2,0.7,0.25,0,1,0,0.15,0,0,,1,0.7,1.7,1.3,0.8,0,0.5,1.5,0.5
125,Jeff Dowtin,PG,25,TOR,18,0,8.8,1.1,2.4,0.442,0.2,0.6,0.273,0.9,1.8,0.5,0.477,0.2,0.2,0.75,0.3,0.6,0.9,0.9,0.2,0.1,0.3,0.6,2.4
126,PJ Dozier,SG,26,SAC,4,0,2.5,0.5,0.8,0.667,0.3,0.5,0.5,0.3,0.3,1,0.833,0,0,,0,0.5,0.5,0,0.8,0,0,0,1.3
127,Goran Dragi?,PG,36,CHI,51,0,15.4,2.5,5.9,0.425,0.9,2.5,0.352,1.6,3.4,0.48,0.5,0.5,0.8,0.659,0.3,1.1,1.4,2.7,0.2,0.1,1.1,1.2,6.4
128,Andre Drummond,C,29,CHI,48,0,13,2.7,4.4,0.624,0,0,0,2.7,4.3,0.63,0.624,1,1.9,0.522,2.2,4.5,6.7,0.6,0.7,0.3,1.1,1.9,6.5
129,Chris Duarte,SF,25,IND,38,10,19.1,2.6,7.2,0.364,1.1,3.8,0.301,1.5,3.4,0.434,0.443,1.5,1.8,0.836,0.4,2.1,2.4,1.4,0.5,0.2,0.9,1.5,7.8
130,David Duke Jr.,SG,23,BRK,16,0,8.8,1.3,3,0.438,0,0.4,0,1.3,2.6,0.5,0.438,0.3,0.5,0.5,0.4,0.6,0.9,0.8,0.4,0.1,0.8,1.6,2.9
131,Kris Dunn,PG,28,UTA,2,0,20,6,11.5,0.522,1,3.5,0.286,5,8,0.625,0.565,0,1,0,1.5,2.5,4,4.5,1.5,0.5,0.5,3,13
132,Kevin Durant,PF,34,BRK,39,39,36,10.5,18.8,0.559,1.8,4.8,0.376,8.7,14,0.622,0.607,6.8,7.3,0.934,0.4,6.4,6.7,5.3,0.8,1.5,3.5,2.4,29.7
133,Jalen Duren,C,19,DET,52,27,25.1,3.6,5.6,0.645,0,0,0,3.6,5.6,0.647,0.645,1.3,2.2,0.611,3.3,5.4,8.7,1.1,0.6,0.9,1.2,2.7,8.5
134,Tari Eason,PF,21,HOU,60,3,19.6,3.4,7.6,0.442,0.7,2,0.347,2.7,5.7,0.475,0.487,1.3,1.7,0.75,2.3,3.4,5.6,1,1.1,0.6,1.1,2.2,8.7
135,Anthony Edwards,SG,21,MIN,63,63,36.3,9,19.5,0.46,2.7,7.3,0.363,6.3,12.2,0.518,0.528,4.2,5.4,0.776,0.6,5.3,5.9,4.5,1.7,0.7,3.4,2.5,24.7
136,Kessler Edwards,SF,22,TOT,16,1,5.8,0.4,1.8,0.214,0.1,0.9,0.143,0.3,0.9,0.286,0.25,0.1,0.1,0.5,0.4,0.6,1,0.3,0.2,0.1,0.3,0.2,0.9
136,Kessler Edwards,SF,22,BRK,14,1,5.6,0.4,1.7,0.25,0.1,0.9,0.167,0.3,0.9,0.333,0.292,0.1,0.1,0.5,0.4,0.6,1,0.1,0.2,0.1,0.3,0.2,1.1
136,Kessler Edwards,SF,22,SAC,2,0,7,0,2,0,0,1,0,0,1,0,0,0,0,,0.5,0.5,1,1,0,0,0,0,0
137,Keon Ellis,SG,23,SAC,9,0,4,0.7,1.1,0.6,0.6,0.9,0.625,0.1,0.2,0.5,0.85,0.2,0.3,0.667,0.3,0.4,0.8,0.3,0.2,0.1,0.1,0.7,2.1
138,Joel Embiid,C,28,PHI,47,47,35.1,11,20.6,0.531,1.1,3.1,0.34,9.9,17.5,0.565,0.557,10.1,11.8,0.858,1.8,8.6,10.4,4.1,1.1,1.6,3.5,3.2,33.1
139,Drew Eubanks,C,25,POR,58,15,19.6,2.5,3.7,0.681,0.1,0.1,0.429,2.4,3.6,0.689,0.688,1,1.5,0.659,1.7,3.3,5,1.2,0.5,1.2,0.8,2.2,6
140,Bruno Fernando,C,24,TOT,33,4,11.2,1.5,2.9,0.521,0,0,0,1.5,2.9,0.526,0.521,0.9,1.3,0.682,1.5,2.3,3.8,0.9,0.2,0.9,0.7,2.1,3.9
140,Bruno Fernando,C,24,HOU,31,4,11.7,1.5,3,0.516,0,0,0,1.5,3,0.522,0.516,1,1.4,0.682,1.5,2.4,3.9,1,0.2,1,0.6,2.2,4.1
140,Bruno Fernando,C,24,ATL,2,0,3,1,1.5,0.667,0,0,,1,1.5,0.667,0.667,0,0,,0.5,0.5,1,0.5,0,0,1,0.5,2
141,Dorian Finney-Smith,PF,29,TOT,46,46,31.8,3.1,7.7,0.408,1.8,5.3,0.342,1.3,2.4,0.555,0.525,0.7,1,0.733,1.7,3.3,5,1.5,0.9,0.4,0.9,2.1,8.8
141,Dorian Finney-Smith,PF,29,DAL,40,40,32.2,3.2,7.8,0.416,1.9,5.4,0.355,1.3,2.3,0.559,0.54,0.8,1,0.75,1.7,3,4.7,1.5,1,0.5,0.9,2,9.1
141,Dorian Finney-Smith,PF,29,BRK,6,6,29.3,2.5,7.2,0.349,1,4.3,0.231,1.5,2.8,0.529,0.419,0.5,0.8,0.6,1.8,4.8,6.7,1.3,0.3,0,1,2.8,6.5
142,Malachi Flynn,PG,24,TOR,43,1,13.7,1.7,4.7,0.37,1,2.6,0.378,0.7,2.1,0.36,0.475,0.4,0.6,0.708,0.3,1.2,1.5,1.5,0.4,0.1,0.4,1.3,4.8
143,Simone Fontecchio,SF,27,UTA,33,0,9.9,1.3,3.6,0.35,0.8,2.5,0.305,0.5,1.2,0.447,0.454,0.5,0.7,0.773,0.5,0.6,1.1,0.5,0.2,0.2,0.5,1,3.8
144,Bryn Forbes,SG,29,MIN,25,0,10.7,1.2,3.3,0.361,0.6,1.8,0.304,0.6,1.5,0.432,0.446,0.6,0.6,1,0.2,0.4,0.6,0.7,0.3,0.1,0.5,0.9,3.6
145,Trent Forrest,PG,24,ATL,18,3,13.3,1.3,2.8,0.48,0,0.1,0,1.3,2.7,0.5,0.48,0.1,0.2,0.667,0.3,1.3,1.6,1.7,0.3,0.1,0.6,0.9,2.8
146,Michael Foster Jr.,PF,20,PHI,1,0,1,0,0,,0,0,,0,0,,,0,0,,0,0,0,0,0,0,0,0,0
147,Evan Fournier,SG,30,NYK,23,7,18,2.3,6.6,0.351,1.4,4.4,0.324,0.9,2.1,0.408,0.46,0.8,0.9,0.857,0.2,1.8,2,1.5,0.6,0.1,0.8,1.9,6.8
148,De'Aaron Fox,PG,25,SAC,55,55,34.1,9.4,18.3,0.515,1.6,4.8,0.331,7.9,13.5,0.581,0.559,4.9,6.3,0.786,0.5,3.8,4.3,6.3,1.1,0.3,2.7,2.5,25.4
149,Markelle Fultz,PG,24,ORL,40,40,29.2,5.4,10.9,0.497,0.4,1.3,0.308,5,9.6,0.522,0.515,1.9,2.4,0.784,1.3,2.8,4,5.5,1.5,0.4,2.4,2.1,13.2
150,Wenyen Gabriel,PF,25,LAL,47,2,15.2,2.6,4.2,0.617,0.2,0.6,0.3,2.4,3.5,0.675,0.64,0.8,1.3,0.623,1.6,2.2,3.8,0.5,0.3,0.5,0.7,2.2,6.1
151,Daniel Gafford,C,24,WAS,58,27,18.8,3.4,4.6,0.747,0,0,,3.4,4.6,0.747,0.747,1.6,2.4,0.641,2,3.4,5.3,0.9,0.4,1.3,1,2.3,8.4
152,Darius Garland,PG,23,CLE,54,54,35.1,7.5,16.1,0.468,2.6,6.1,0.421,5,10,0.496,0.547,4.3,4.9,0.868,0.4,2.2,2.6,7.9,1.3,0.1,2.9,2.1,21.9
153,Usman Garuba,PF,20,HOU,53,1,13.5,1.2,2.3,0.532,0.3,0.6,0.485,0.9,1.7,0.549,0.597,0.4,0.7,0.528,1.6,2.8,4.4,0.9,0.7,0.5,0.6,1.7,3.2
154,Luka Garza,C,24,MIN,23,0,9.1,2.3,4.4,0.529,0.6,1.6,0.361,1.8,2.9,0.621,0.593,1.7,2.1,0.792,1.3,1.2,2.4,0.6,0.1,0,0.4,1.5,6.9
155,Rudy Gay,PF,36,UTA,46,0,14.5,1.8,4.8,0.378,0.5,2.2,0.232,1.3,2.7,0.496,0.43,0.7,0.8,0.857,0.6,2.3,2.9,0.9,0.3,0.3,0.6,1.2,4.8
156,Paul George,SG,32,LAC,46,46,34.4,8.1,17.5,0.461,2.9,7.7,0.384,5.1,9.8,0.522,0.545,4.4,5,0.875,0.7,5.4,6.1,5.2,1.4,0.4,3.3,2.7,23.5
157,Taj Gibson,C,37,WAS,38,2,10,1.4,2.6,0.535,0.1,0.4,0.235,1.3,2.2,0.598,0.556,0.6,0.9,0.676,0.7,1.3,2,0.8,0.3,0.3,0.5,1.9,3.5
158,Josh Giddey,SG,20,OKC,55,55,30.9,7,14.5,0.484,0.9,2.9,0.309,6.1,11.5,0.528,0.515,1.3,1.7,0.769,2,5.8,7.7,5.8,0.8,0.5,3,2.1,16.2
159,Shai Gilgeous-Alexander,PG,24,OKC,54,54,35.5,10.2,20.2,0.507,0.9,2.6,0.338,9.4,17.6,0.532,0.528,9.6,10.6,0.908,0.9,3.9,4.7,5.7,1.6,1.1,2.9,2.7,31
160,Anthony Gill,PF,30,WAS,42,4,10,1.2,2,0.607,0.1,0.5,0.158,1.1,1.5,0.738,0.625,0.6,0.8,0.771,0.5,0.8,1.4,0.5,0.1,0.2,0.2,1.2,3.1
161,Rudy Gobert,C,30,MIN,51,51,30.5,5.1,7.6,0.679,0,0.1,0,5.1,7.5,0.684,0.679,3.1,4.6,0.671,3.2,8.4,11.6,0.9,0.8,1.3,1.7,2.9,13.4
162,Jordan Goodwin,PG,24,WAS,41,4,18.1,2.4,5.3,0.449,0.6,1.7,0.382,1.7,3.6,0.48,0.509,0.8,1.1,0.75,0.9,2.4,3.3,2.5,1,0.5,0.9,1.7,6.2
163,Aaron Gordon,PF,27,DEN,50,50,30.2,6.5,11.2,0.583,1,2.6,0.382,5.5,8.6,0.645,0.628,3,4.9,0.623,2.4,4.5,6.8,2.9,0.8,0.8,1.6,1.9,17.1
164,Eric Gordon,SG,34,TOT,51,47,29.6,4.3,9.8,0.434,1.8,5,0.35,2.5,4.8,0.523,0.524,2.3,2.8,0.821,0.3,1.8,2.1,2.9,0.6,0.4,1.7,1,12.6
164,Eric Gordon,SG,34,HOU,47,47,30.2,4.5,10.2,0.439,1.8,5.2,0.347,2.7,5,0.536,0.528,2.3,2.9,0.815,0.3,1.8,2.1,2.9,0.6,0.4,1.8,1,13.1
164,Eric Gordon,SG,34,LAC,4,0,23.3,1.8,5.5,0.318,1.3,3,0.417,0.5,2.5,0.2,0.432,2.3,2.5,0.9,0.3,1.8,2,3.5,0.8,0.8,0.5,1.5,7
165,Devonte' Graham,PG,27,TOT,59,1,16.6,1.9,5.2,0.362,1.4,4.1,0.343,0.5,1.1,0.435,0.498,1,1.3,0.747,0.3,1.2,1.5,2.4,0.6,0.2,0.5,0.9,6.1
165,Devonte' Graham,PG,27,NOP,53,0,15.3,1.6,4.4,0.368,1.2,3.6,0.347,0.4,0.8,0.463,0.511,0.8,1.1,0.746,0.2,1.1,1.4,2.2,0.6,0.2,0.5,0.9,5.3
165,Devonte' Graham,PG,27,SAS,6,1,28.2,4.2,12.2,0.342,2.8,8.7,0.327,1.3,3.5,0.381,0.459,2.5,3.3,0.75,0.8,1.7,2.5,4.7,0.8,0.7,0.8,1.3,13.7
166,Jerami Grant,PF,28,POR,55,55,35.6,7.1,14.6,0.484,2.3,5.5,0.407,4.8,9,0.532,0.562,4.3,5.3,0.807,0.9,3.5,4.3,2.3,0.8,0.8,1.8,2.4,20.6
167,A.J. Green,SG,23,MIL,27,0,9.7,1.6,3.6,0.449,1.3,3,0.427,0.3,0.6,0.563,0.628,0.1,0.1,1,0.1,0.9,1.1,0.6,0.2,0,0.3,1,4.7
168,Danny Green,SG,35,TOT,6,0,11.8,1,3.2,0.316,1,2.5,0.4,0,0.7,0,0.474,0.2,0.2,1,0.2,0.7,0.8,0.3,0.3,0.2,0.8,1.7,3.2
168,Danny Green,SG,35,MEM,3,0,14.3,1,3.7,0.273,1,2.7,0.375,0,1,0,0.409,0,0,,0.3,1,1.3,0.7,0.3,0,1,2,3
168,Danny Green,SG,35,CLE,3,0,9.3,1,2.7,0.375,1,2.3,0.429,0,0.3,0,0.563,0.3,0.3,1,0,0.3,0.3,0,0.3,0.3,0.7,1.3,3.3
169,Draymond Green,PF,32,GSW,53,53,31.5,3.2,6.2,0.517,0.6,1.8,0.33,2.6,4.4,0.594,0.565,1.1,1.5,0.7,0.9,6.5,7.4,6.8,1,0.8,2.6,3,8.1
170,Jalen Green,SG,20,HOU,54,54,33.9,7.3,17.8,0.409,2.5,7.6,0.333,4.7,10.1,0.467,0.481,4.7,5.9,0.788,0.6,3.4,4,3.6,0.8,0.2,2.9,1.7,21.8
171,JaMychal Green,PF,32,GSW,41,1,14.7,2.4,4.6,0.516,0.7,2,0.349,1.7,2.6,0.645,0.592,0.9,1.2,0.714,1.3,2.6,3.9,1,0.5,0.3,1.1,2,6.3
172,Javonte Green,SG,29,CHI,28,1,16,2.2,3.7,0.587,0.5,1.2,0.382,1.7,2.5,0.686,0.649,1,1.5,0.674,0.9,2,2.9,0.8,0.8,0.7,0.7,1.7,5.9
173,Jeff Green,PF,36,DEN,39,3,19.4,3.1,6.2,0.498,0.4,1.7,0.25,2.6,4.4,0.595,0.533,1.5,2.1,0.707,0.7,1.8,2.5,1.2,0.4,0.3,0.9,1.9,8.1
174,Josh Green,SG,22,DAL,42,10,24.7,3.3,6.1,0.543,1.2,2.9,0.421,2.1,3.2,0.652,0.643,1.4,2,0.714,0.9,1.8,2.7,1.6,0.8,0.1,1,2.6,9.3
175,AJ Griffin,SF,19,ATL,57,11,20.2,3.6,7.6,0.475,1.5,3.7,0.392,2.2,3.9,0.554,0.57,0.5,0.6,0.875,0.5,1.6,2.1,1,0.7,0.1,0.6,1.2,9.2
176,Blake Griffin,C,33,BOS,26,12,14.4,1.8,3.5,0.511,0.7,1.8,0.404,1.1,1.7,0.622,0.614,0.6,0.9,0.625,0.9,2.5,3.4,1.3,0.3,0.2,0.5,1.9,4.9
177,Quentin Grimes,SG,22,NYK,51,46,29.8,3.5,7.9,0.444,1.8,5.2,0.351,1.7,2.7,0.621,0.559,1.1,1.4,0.8,0.8,2.6,3.4,1.9,0.6,0.4,1,2.5,10
178,Rui Hachimura,PF,24,TOT,43,8,24.5,4.9,10.1,0.48,0.9,2.7,0.322,4,7.4,0.539,0.524,1.6,2.2,0.716,0.8,3.8,4.6,1,0.3,0.3,1,1.1,12.2
178,Rui Hachimura,PF,24,WAS,30,0,24.3,5.3,10.8,0.488,1,3,0.337,4.3,7.8,0.545,0.534,1.5,1.9,0.759,0.6,3.6,4.3,1.2,0.4,0.4,1.2,1.3,13
178,Rui Hachimura,PF,24,LAL,13,8,24.9,3.9,8.5,0.459,0.6,2.2,0.276,3.3,6.3,0.524,0.495,1.8,2.8,0.649,1.3,4.1,5.4,0.6,0.3,0.2,0.5,0.6,10.3
179,Tyrese Haliburton,PG,22,IND,50,50,33.6,7.1,14.8,0.482,2.9,7.2,0.399,4.3,7.7,0.559,0.578,2.7,3.1,0.865,0.6,3,3.7,10.2,1.7,0.4,2.6,1.2,19.8
180,Jordan Hall,SF,21,SAS,9,0,9.2,1,3.1,0.321,0.3,1.7,0.2,0.7,1.4,0.462,0.375,0.8,1,0.778,0.3,1,1.3,1.2,0.1,0,0.8,0.7,3.1
181,R.J. Hampton,PG,21,TOT,27,0,13.6,1.9,4.2,0.439,0.7,2,0.34,1.2,2.3,0.525,0.518,1.1,1.4,0.838,0.3,1.1,1.4,1.3,0.6,0.1,0.8,0.8,5.5
181,R.J. Hampton,PG,21,ORL,26,0,13.9,1.9,4.4,0.439,0.7,2,0.34,1.2,2.3,0.525,0.518,1.2,1.4,0.838,0.3,1.2,1.5,1.3,0.6,0.2,0.8,0.8,5.7
181,R.J. Hampton,PG,21,DET,1,0,5,0,0,,0,0,,0,0,,,0,0,,0,0,0,0,1,0,0,0,0
182,Tim Hardaway Jr.,SG,30,DAL,56,37,30.1,4.7,12.3,0.38,2.9,7.9,0.36,1.8,4.3,0.417,0.497,1.8,2.3,0.756,0.3,3.3,3.6,1.7,0.7,0.1,0.9,1.6,13.9
183,James Harden,PG,33,PHI,43,43,36.6,6.6,14.6,0.452,2.9,7.3,0.393,3.7,7.3,0.511,0.55,5.6,6.5,0.864,0.5,5.7,6.2,10.7,1.2,0.6,3.4,2,21.6
184,Jaden Hardy,SG,20,DAL,32,0,11.6,2.2,5.1,0.423,0.8,2.3,0.342,1.4,2.8,0.489,0.5,1.3,1.5,0.875,0.1,1.3,1.3,0.8,0.3,0.1,0.8,1.3,6.4
185,Ron Harper Jr.,SF,22,TOR,4,0,3.5,1,1.8,0.571,0.5,1,0.5,0.5,0.8,0.667,0.714,0,0,,0.3,0.3,0.5,0,0,0,0,0,2.5
186,Montrezl Harrell,C,29,PHI,50,7,12.5,2.2,3.7,0.605,0,0,0,2.2,3.7,0.612,0.605,1.2,1.7,0.694,1.2,1.6,2.8,0.6,0.3,0.5,0.6,1.5,5.7
187,Gary Harris,SG,28,ORL,32,26,24.7,3,6.3,0.473,1.9,4.2,0.448,1.1,2.2,0.522,0.621,0.8,0.9,0.893,0.5,1.7,2.2,1.2,0.9,0.2,0.7,2,8.7
188,Joe Harris,SG,31,BRK,53,32,23.5,3,6.7,0.456,2,4.8,0.413,1.1,1.9,0.566,0.605,0.3,0.5,0.625,0.4,2.2,2.5,1.6,0.5,0.2,0.7,2.4,8.3
189,Kevon Harris,SG,25,ORL,27,0,12.4,1.2,2.9,0.416,0.4,1,0.393,0.8,1.8,0.429,0.487,0.8,1,0.815,0.9,1.1,2,0.4,0.5,0.1,0.6,1.3,3.6
190,Tobias Harris,PF,30,PHI,55,55,33.6,6.1,12.3,0.499,1.8,4.7,0.383,4.3,7.6,0.572,0.573,1.4,1.6,0.856,0.9,4.9,5.8,2.5,1,0.5,1.3,2,15.5
191,Josh Hart,SF-SG,27,TOT,56,51,32.8,3.7,7.2,0.515,0.8,2.3,0.344,2.9,4.9,0.594,0.569,1.8,2.4,0.731,1.8,6.1,7.9,3.8,1.1,0.2,1.5,2.6,10
191,Josh Hart,SF,27,POR,51,51,33.4,3.6,7.1,0.504,0.7,2.2,0.304,2.9,4.9,0.594,0.551,1.7,2.3,0.731,1.9,6.3,8.2,3.9,1.1,0.2,1.5,2.6,9.5
191,Josh Hart,SG,27,NYK,5,0,26.2,5,8.2,0.61,2,3.2,0.625,3,5,0.6,0.732,2.2,3,0.733,1.6,3.8,5.4,2.8,1,0.6,1.2,2.6,14.2
192,Isaiah Hartenstein,C,24,NYK,62,7,19.7,2.2,4.2,0.523,0.1,0.5,0.235,2.1,3.6,0.566,0.538,0.6,0.9,0.755,2.8,3.9,6.7,0.9,0.6,0.8,0.8,2.5,5.2
193,Udonis Haslem,C,42,MIA,6,1,7.7,0.2,2,0.083,0,0.3,0,0.2,1.7,0.1,0.083,0.2,0.3,0.5,0.7,0.7,1.3,0,0.2,0.2,0,1.3,0.5
194,Sam Hauser,PF,25,BOS,59,4,15.6,2.2,4.8,0.458,1.7,4,0.419,0.5,0.8,0.646,0.632,0.2,0.3,0.667,0.4,2.1,2.5,0.7,0.3,0.3,0.3,1.3,6.3
195,Jaxson Hayes,C,22,NOP,34,2,13,1.8,3.4,0.526,0.1,0.8,0.115,1.7,2.6,0.648,0.539,1.2,1.8,0.672,0.9,2,2.9,0.7,0.4,0.3,0.6,1.3,4.8
196,Killian Hayes,PG,21,DET,57,38,26.9,3.8,10.1,0.37,1.2,3.9,0.303,2.6,6.3,0.412,0.428,0.8,1,0.804,0.3,2.4,2.7,5.8,1.3,0.3,2,3,9.5
197,Gordon Hayward,SF,32,CHO,36,36,31.2,5.4,11.5,0.47,1.1,3.2,0.328,4.3,8.3,0.525,0.516,2.6,3.3,0.812,0.8,3.7,4.4,3.6,0.9,0.2,1.9,1.4,14.5
198,Juancho Hernangómez,PF,27,TOR,42,10,14.6,1.1,2.7,0.421,0.4,1.6,0.254,0.7,1.1,0.66,0.496,0.2,0.4,0.563,0.6,2.3,2.9,0.6,0.4,0.1,0.4,1,2.9
199,Willy Hernangómez,C,28,NOP,30,0,12.8,2.6,4.8,0.535,0.1,0.3,0.2,2.5,4.5,0.56,0.542,2.4,3,0.78,1.7,3.4,5.1,0.9,0.4,0.4,1.1,1.7,7.6
200,Tyler Herro,SG,23,MIA,47,47,35.4,7.5,17.2,0.435,3.1,8.2,0.374,4.4,9,0.491,0.524,2.7,2.9,0.92,0.5,5.3,5.7,4.4,0.9,0.3,2.4,1.7,20.7
201,Buddy Hield,SF,30,IND,62,62,32.1,6.1,13.6,0.452,3.8,9,0.425,2.3,4.6,0.507,0.593,1.3,1.5,0.86,0.8,4.1,4.9,2.7,1.2,0.3,1.8,2,17.4
202,Haywood Highsmith,SF,26,MIA,44,9,19.4,1.8,4.3,0.426,0.8,2.3,0.356,1,2,0.506,0.521,0.3,0.5,0.458,1,2.7,3.7,0.7,0.8,0.3,0.8,1.6,4.8
203,George Hill,PG,36,TOT,36,0,18.8,1.6,3.7,0.447,0.6,2.1,0.311,1,1.6,0.621,0.534,0.9,1.3,0.739,0.4,1.5,1.9,2.5,0.6,0.1,0.8,1.1,4.9
203,George Hill,PG,36,MIL,35,0,19.1,1.7,3.8,0.447,0.7,2.1,0.311,1,1.7,0.621,0.534,1,1.3,0.739,0.4,1.5,1.9,2.5,0.5,0.1,0.8,1.2,5
203,George Hill,PG,36,IND,1,0,10,0,0,,0,0,,0,0,,,0,0,,0,0,0,0,1,0,0,0,0
204,Malcolm Hill,SF,27,CHI,5,0,1.8,0.4,0.8,0.5,0.2,0.6,0.333,0.2,0.2,1,0.625,0,0,,0,0.6,0.6,0,0,0,0,0.2,1
205,Aaron Holiday,PG,26,ATL,51,5,14.3,1.5,3.7,0.415,0.6,1.5,0.413,0.9,2.2,0.416,0.497,0.5,0.5,0.857,0.4,0.9,1.3,1.3,0.5,0.2,0.6,1.3,4.1
206,Jrue Holiday,PG,32,MIL,49,47,33,7.5,16,0.469,2.5,6.4,0.384,5,9.6,0.526,0.546,2.4,2.8,0.859,1.2,4,5.2,7.1,1.3,0.4,3,1.9,19.8
207,Justin Holiday,SG,33,TOT,30,1,15.4,1.8,4.6,0.401,1.2,3.3,0.378,0.6,1.3,0.462,0.536,0,0,,0.1,0.8,0.8,0.9,0.2,0.4,0.4,1.4,4.9
207,Justin Holiday,SG,33,ATL,28,0,14.7,1.7,4.5,0.384,1.1,3.1,0.345,0.6,1.4,0.474,0.504,0,0,,0.1,0.8,0.8,0.9,0.2,0.4,0.4,1.3,4.5
207,Justin Holiday,SG,33,DAL,2,1,25,3.5,6,0.583,3.5,5.5,0.636,0,0.5,0,0.875,0,0,,0,1,1,1,1,1.5,0,2.5,10.5
208,Richaun Holmes,C,29,SAC,34,1,8.9,1.4,2,0.681,0.1,0.1,0.75,1.3,1.9,0.677,0.703,0.4,0.5,0.824,0.7,1.4,2.1,0.1,0.1,0.3,0.4,1.3,3.3
209,Al Horford,C,36,BOS,47,47,30.8,3.5,7.4,0.47,2.1,4.9,0.43,1.4,2.6,0.545,0.61,0.3,0.4,0.722,1.2,5,6.2,2.7,0.5,0.9,0.6,2,9.3
210,Talen Horton-Tucker,SG,22,UTA,48,3,17.1,2.8,7.1,0.4,0.7,2.7,0.266,2.1,4.4,0.481,0.45,1.4,1.9,0.753,0.5,2.2,2.6,3,0.6,0.5,1.4,1.6,7.8
211,Danuel House Jr.,SF,29,PHI,37,2,14.8,1.5,3.2,0.458,0.6,1.9,0.333,0.8,1.3,0.646,0.558,0.8,1.1,0.7,0.2,1.5,1.8,0.7,0.2,0.2,0.4,1.2,4.4
212,Caleb Houstan,SF,20,ORL,34,2,16.1,1.5,3.6,0.41,1,2.5,0.388,0.5,1.1,0.459,0.545,0.3,0.4,0.846,0.7,1.5,2.2,0.5,0.2,0.1,0.4,1.4,4.2
213,Trevor Hudgins,PG,23,HOU,5,0,5.6,0.4,1.8,0.222,0.4,1.6,0.25,0,0.2,0,0.333,0.6,0.6,1,0,0,0,0.6,0,0,0.2,0.2,1.8
214,Kevin Huerter,SG,24,SAC,57,57,30.1,5.4,11.3,0.477,2.6,6.7,0.387,2.8,4.6,0.608,0.592,1.3,1.8,0.699,0.6,2.8,3.4,2.9,1.1,0.3,1.4,2.5,14.6
215,De'Andre Hunter,SF,25,ATL,51,51,31.7,5.6,12.2,0.46,1.6,4.3,0.367,4,7.8,0.511,0.525,2.9,3.5,0.83,0.6,3.7,4.3,1.4,0.5,0.2,1.2,3,15.6
216,Bones Hyland,PG,22,TOT,45,1,19.3,4,10.1,0.398,2.1,5.6,0.38,1.9,4.6,0.42,0.502,1.7,2,0.854,0.3,1.8,2.1,2.9,0.7,0.3,1.6,1.6,11.8
216,Bones Hyland,PG,22,DEN,42,1,19.5,4.1,10.3,0.399,2.2,5.7,0.378,2,4.6,0.425,0.503,1.7,2,0.866,0.2,1.8,2,3,0.7,0.3,1.6,1.6,12.1
216,Bones Hyland,PG,22,LAC,3,0,15.7,2.7,7,0.381,1.3,3,0.444,1.3,4,0.333,0.476,1.7,2.3,0.714,1.7,1.3,3,1.7,0.7,0,1,2.3,8.3
217,Serge Ibaka,C,33,MIL,16,0,11.6,1.6,3.4,0.481,0.4,1.1,0.333,1.3,2.3,0.556,0.537,0.5,0.8,0.615,0.9,1.8,2.8,0.3,0.1,0.4,0.7,1.4,4.1
218,Andre Iguodala,SF,39,GSW,3,0,14,1,1.3,0.75,0.3,0.7,0.5,0.7,0.7,1,0.875,0,0,,0.3,2,2.3,1.7,0.3,0.3,1.7,1.7,2.3
219,Joe Ingles,SF,35,MIL,27,0,22.6,2.1,5.4,0.381,1.4,4.3,0.336,0.6,1.1,0.548,0.514,0.4,0.6,0.8,0.3,2.6,2.9,3,0.6,0.1,1.1,1.7,6
220,Brandon Ingram,SF,25,NOP,26,26,32.5,8.2,17.8,0.46,1.7,4,0.413,6.5,13.8,0.474,0.506,4.8,5.4,0.879,0.4,4.6,5,4.7,0.7,0.5,3.3,2.5,22.8
221,Kyrie Irving,PG,30,TOT,46,46,36.9,9.9,20.2,0.489,3.3,8.6,0.378,6.6,11.6,0.571,0.569,4,4.4,0.897,1,4.1,5.1,5.4,1,0.8,2.3,2.8,27
221,Kyrie Irving,PG,30,BRK,40,40,37,10,20.5,0.486,3.3,8.7,0.374,6.7,11.8,0.569,0.565,4,4.5,0.883,1,4.2,5.1,5.3,1,0.8,2.3,2.7,27.1
221,Kyrie Irving,PG,30,DAL,6,6,36.8,9.3,18.3,0.509,3.3,8.2,0.408,6,10.2,0.59,0.6,4.2,4.2,1,1.5,3.7,5.2,6.5,1,0.5,2.3,3.2,26.2
222,Jonathan Isaac,PF,25,ORL,11,0,11.3,2,4.8,0.415,0.5,1.4,0.4,1.5,3.5,0.421,0.472,0.5,0.8,0.556,1.4,2.6,4,0.5,1.3,0.4,0.4,0.5,5
223,Jaden Ivey,SG,20,DET,57,56,30.1,5.2,12.4,0.42,1.4,4.2,0.336,3.8,8.2,0.464,0.477,3.5,4.8,0.725,1,2.9,3.9,4.7,0.9,0.3,2.8,3.1,15.3
224,Isaiah Jackson,C,21,IND,45,5,15.3,2.6,4.6,0.573,0,0.3,0.167,2.6,4.3,0.598,0.578,1.5,2.3,0.648,1.4,2.5,3.9,0.9,0.4,1.5,0.9,2.2,6.8
225,Jaren Jackson Jr.,C,23,MEM,42,42,27.2,5.9,12,0.493,1.5,4.4,0.348,4.4,7.6,0.576,0.556,3.3,4.2,0.787,1.7,5,6.6,0.9,1.1,3.2,1.5,3.4,16.7
226,Justin Jackson,SF,27,BOS,23,0,4.7,0.3,1.2,0.259,0.2,0.9,0.25,0.1,0.3,0.286,0.352,0,0.1,0.5,0.1,0.7,0.7,0.4,0.2,0.2,0.1,0.3,0.9
227,Quenton Jackson,PG,24,WAS,3,0,2.7,0.7,1,0.667,0.3,0.7,0.5,0.3,0.3,1,0.833,0,0,,0.3,0,0.3,0.3,0,0,0,0.3,1.7
228,Reggie Jackson,PG,32,TOT,55,38,25.3,4,9.7,0.413,1.5,4.3,0.349,2.5,5.5,0.463,0.49,1.2,1.3,0.914,0.4,1.8,2.2,3.5,0.7,0.1,1.8,1.8,10.7
228,Reggie Jackson,PG,32,LAC,52,38,25.7,4.1,9.8,0.418,1.5,4.2,0.35,2.6,5.6,0.469,0.493,1.2,1.3,0.924,0.4,1.8,2.2,3.5,0.7,0.1,1.8,1.8,10.9
228,Reggie Jackson,PG,32,DEN,3,0,18.7,2.3,7.7,0.304,1.7,5,0.333,0.7,2.7,0.25,0.413,1,1.3,0.75,0.3,1.7,2,3,0.7,0.3,0.7,2,7.3
229,LeBron James,PF,38,LAL,47,47,36.1,11.3,22.6,0.501,2.1,6.9,0.308,9.2,15.7,0.587,0.549,4.8,6.3,0.759,1.2,7.2,8.4,6.9,0.9,0.6,3.1,1.7,29.5
230,Ty Jerome,SG,25,GSW,39,2,18.4,2.9,5.6,0.509,0.8,2,0.41,2.1,3.6,0.563,0.582,0.9,0.9,0.919,0.2,1.5,1.7,2.9,0.5,0.1,0.7,1.5,7.4
231,Isaiah Joe,SG,23,OKC,52,4,16.4,2.9,6.1,0.478,2.2,4.9,0.453,0.7,1.2,0.581,0.66,0.9,1.2,0.817,0.3,2,2.3,1.1,0.6,0.1,0.5,1.4,9
232,Alize Johnson,PF,26,SAS,4,0,7.5,0.8,1.5,0.5,0,0.5,0,0.8,1,0.75,0.5,0.3,0.5,0.5,0.5,2,2.5,0.3,0.3,0,1,0.8,1.8
233,Cameron Johnson,PF,26,TOT,22,21,26.1,5,10.8,0.466,2.6,6.3,0.41,2.5,4.5,0.545,0.586,1.7,2.1,0.809,0.7,3,3.7,1.5,1,0.4,0.5,1.7,14.4
233,Cameron Johnson,PF,26,PHO,17,16,25.2,4.8,10.2,0.474,2.6,5.8,0.455,2.2,4.4,0.5,0.604,1.6,1.9,0.818,0.8,3,3.8,1.5,0.9,0.4,0.6,1.7,13.9
233,Cameron Johnson,PF,26,BRK,5,5,29,5.8,13,0.446,2.4,8,0.3,3.4,5,0.68,0.538,2.2,2.8,0.786,0.4,2.8,3.2,1.6,1.4,0.4,0,1.8,16.2
234,Jalen Johnson,SF,21,ATL,57,6,14.3,2,4.2,0.479,0.4,1.4,0.284,1.6,2.8,0.579,0.527,0.7,1.1,0.661,0.7,3.1,3.8,0.9,0.5,0.5,0.5,1.4,5.2
235,James Johnson,PF,35,IND,12,1,8.2,0.8,2.3,0.37,0.3,0.8,0.3,0.6,1.4,0.412,0.426,0.3,0.3,0.75,0.2,1.2,1.3,0.6,0.3,0.4,0.4,2,2.2
236,Keldon Johnson,SF,23,SAS,54,54,32.6,7.8,17.4,0.446,2.1,6.5,0.324,5.7,10.9,0.519,0.506,4.1,5.3,0.774,0.9,4,4.8,2.8,0.7,0.2,2.1,1.9,21.8
237,Keon Johnson,SG,20,POR,30,0,10,1.6,4.4,0.366,0.7,2,0.367,0.9,2.4,0.366,0.45,0.4,0.7,0.571,0.3,0.9,1.2,1.1,0.5,0.1,1,1,4.3
238,Stanley Johnson,SF,26,SAS,30,0,15.6,2.2,4.1,0.533,0.6,1.3,0.45,1.6,2.7,0.573,0.607,0.9,1.3,0.667,0.7,2.4,3.2,2.2,0.5,0.2,1.1,1.6,5.8
239,Nikola Joki?,C,27,DEN,54,54,33.7,9.4,14.9,0.633,0.8,2.1,0.398,8.6,12.8,0.671,0.661,5.1,6.2,0.824,2.3,9.4,11.7,10,1.3,0.7,3.6,2.6,24.8
240,Carlik Jones,PG,25,CHI,2,0,11.5,0.5,2.5,0.2,0,0.5,0,0.5,2,0.25,0.2,0.5,2,0.25,0.5,1,1.5,1,0,0,0.5,0.5,1.5
241,Damian Jones,C,27,TOT,24,1,8.2,1,1.7,0.561,0,0.1,0,1,1.6,0.605,0.561,0.7,0.9,0.727,0.8,1.8,2.6,0.2,0.1,0.6,0.4,0.9,2.6
241,Damian Jones,C,27,LAL,22,1,8,0.9,1.7,0.541,0,0.1,0,0.9,1.5,0.588,0.541,0.7,0.9,0.75,0.8,1.7,2.5,0.2,0.1,0.5,0.4,0.8,2.5
241,Damian Jones,C,27,UTA,2,0,10.5,1.5,2,0.75,0,0,,1.5,2,0.75,0.75,0.5,1,0.5,1,2.5,3.5,0.5,0,1,0.5,2,3.5
242,Derrick Jones Jr.,SF,25,CHI,48,0,14.7,1.8,3.6,0.506,0.4,1.1,0.327,1.5,2.5,0.588,0.557,1.1,1.4,0.794,1,1.5,2.5,0.6,0.5,0.6,0.4,1.4,5.2
243,Herbert Jones,SF,24,NOP,45,45,28.6,3.4,7.6,0.443,0.7,2.6,0.278,2.6,5,0.527,0.49,2,2.6,0.748,1.3,2.5,3.8,2.2,1.6,0.7,1.3,3.2,9.4
244,Kai Jones,C,22,CHO,28,0,8.9,1.1,2.1,0.525,0.1,0.4,0.273,1,1.7,0.583,0.551,0.4,0.5,0.714,0.7,1.1,1.9,0.2,0.3,0.4,0.3,1.1,2.7
245,Tre Jones,PG,23,SAS,52,52,29.3,4.9,11.3,0.436,0.7,2.5,0.265,4.3,8.8,0.486,0.466,2.2,2.5,0.891,0.8,2.8,3.6,6.3,1.3,0.2,1.8,1.4,12.8
246,Tyus Jones,PG,26,MEM,59,9,22.9,3.7,8.5,0.432,1.5,3.9,0.377,2.2,4.6,0.478,0.518,1,1.2,0.806,0.4,1.8,2.2,4.6,1,0.1,0.9,0.4,9.8
247,DeAndre Jordan,C,34,DEN,34,5,14.6,2.2,2.8,0.771,0,0,1,2.1,2.8,0.768,0.776,0.5,1.2,0.439,1.2,3.7,4.9,0.9,0.2,0.6,1.2,1.9,4.9
248,Cory Joseph,PG,31,DET,42,2,15.7,1.7,4.3,0.398,0.6,2,0.321,1.1,2.3,0.464,0.472,0.7,0.9,0.757,0.2,1.1,1.3,3.2,0.4,0.1,0.7,1.5,4.7
249,Nikola Jovi?,PF,19,MIA,15,8,13.6,1.9,4.6,0.406,0.5,2.3,0.229,1.3,2.3,0.588,0.464,1.2,1.3,0.947,0.6,1.5,2.1,0.7,0.5,0.1,0.7,1.3,5.5
250,Mfiondu Kabengele,PF,25,BOS,2,0,7,0.5,1,0.5,0,0.5,0,0.5,0.5,1,0.5,0,0,,1.5,1,2.5,0,0,0,0.5,1.5,1
251,Frank Kaminsky,C,29,TOT,29,0,6.9,0.9,1.8,0.51,0.4,0.9,0.423,0.5,0.9,0.6,0.618,0.5,0.6,0.875,0.1,1.2,1.4,0.9,0.2,0.1,0.3,0.8,2.7
251,Frank Kaminsky,C,29,ATL,26,0,6.8,1,1.7,0.568,0.4,0.9,0.478,0.5,0.8,0.667,0.693,0.4,0.5,0.833,0.1,1.3,1.4,0.8,0.2,0,0.3,0.8,2.7
251,Frank Kaminsky,C,29,HOU,3,0,8,0.3,2.3,0.143,0,1,0,0.3,1.3,0.25,0.143,1.3,1.3,1,0.3,1,1.3,2,0.3,0.7,0,0.3,2
252,Trevor Keels,SG,19,NYK,1,0,1,0,1,0,0,1,0,0,0,,0,0,0,,0,1,1,0,0,0,0,0,0
253,Luke Kennard,SG,26,TOT,38,11,20.8,2.8,5.9,0.465,1.7,3.8,0.462,1,2.2,0.47,0.611,0.6,0.6,0.958,0.2,2.1,2.3,1.1,0.5,0.1,0.8,1.4,7.9
253,Luke Kennard,SG,26,LAC,35,11,20.7,2.8,6,0.464,1.7,3.8,0.447,1.1,2.3,0.494,0.604,0.5,0.6,0.95,0.2,2.2,2.4,1.1,0.5,0.1,0.9,1.3,7.8
253,Luke Kennard,SG,26,MEM,3,0,22.3,2.3,5,0.467,2.3,3.7,0.636,0,1.3,0,0.7,1.3,1.3,1,0.3,1.3,1.7,1.7,0,0,0,2,8.3
254,Walker Kessler,C,21,UTA,59,25,21.6,3.6,5,0.712,0,0,1,3.5,5,0.711,0.714,1.1,2,0.534,2.9,5,7.9,0.8,0.4,2.2,0.8,2.2,8.2
255,Braxton Key,SF,25,DET,3,0,3,0.3,0.3,1,0,0,,0.3,0.3,1,1,0.7,0.7,1,0,0.3,0.3,0,0,0,0,0,1.3
256,Corey Kispert,SF,23,WAS,52,32,27,3.3,6.8,0.476,1.8,4.5,0.408,1.4,2.3,0.607,0.61,1,1.1,0.864,0.4,2.3,2.7,1.2,0.6,0.1,0.8,1.3,9.3
257,Maxi Kleber,C,31,DAL,22,0,25.6,2.3,4.7,0.49,1.1,3,0.369,1.2,1.8,0.692,0.606,0.5,0.6,0.786,0.9,2.7,3.5,1,0.3,1,0.6,2.2,6.2
258,Nathan Knight,PF,25,MIN,34,0,8.1,1.3,2.2,0.573,0.2,0.6,0.381,1,1.6,0.648,0.627,1.1,1.6,0.679,0.6,0.9,1.5,0.4,0.3,0.2,0.6,1.1,3.8
259,Kevin Knox,PF-SF,23,TOT,46,1,13.3,1.8,4,0.464,0.9,2.6,0.361,0.9,1.4,0.656,0.582,0.6,0.8,0.8,0.5,2,2.4,0.3,0.3,0.3,0.7,1.7,5.2
259,Kevin Knox,PF,23,DET,42,1,14.1,2,4.3,0.469,1,2.8,0.371,1,1.5,0.651,0.589,0.6,0.8,0.788,0.5,2.1,2.6,0.4,0.3,0.3,0.8,1.8,5.6
259,Kevin Knox,SF,23,POR,4,0,5,0.3,1,0.25,0,0.8,0,0.3,0.3,1,0.25,0.5,0.5,1,0.5,0.5,1,0,0,0,0,1.3,1
260,Christian Koloko,C,22,TOR,46,19,14.4,1.3,2.7,0.484,0,0.2,0.111,1.3,2.5,0.513,0.488,0.8,1.2,0.66,1.5,1.7,3.2,0.5,0.3,1,0.4,2.4,3.4
261,John Konchar,SG,26,MEM,51,22,22.1,2.2,5,0.439,1,2.8,0.366,1.2,2.2,0.531,0.541,0.5,0.5,0.852,0.9,3.8,4.7,1.4,1,0.3,0.6,1.5,5.9
262,Furkan Korkmaz,SG,25,PHI,25,0,10.2,1.3,3.1,0.41,0.5,1.4,0.343,0.8,1.7,0.465,0.487,0.8,1.2,0.655,0.2,0.9,1.2,0.7,0.2,0.1,0.6,0.4,3.8
263,Luke Kornet,C,27,BOS,52,0,11.7,1.6,2.3,0.697,0.1,0.2,0.333,1.6,2.2,0.726,0.709,0.6,0.7,0.853,1.2,1.6,2.8,0.7,0.2,0.8,0.4,1.3,3.9
264,Vit Krejci,PG,22,ATL,22,0,5.5,0.5,1.3,0.379,0.2,0.8,0.278,0.3,0.5,0.545,0.466,0,0.1,0.5,0.1,0.5,0.6,0.5,0.1,0,0.2,0.5,1.3
265,Jonathan Kuminga,PF,20,GSW,49,11,19.7,3.3,6.8,0.485,0.7,2.1,0.327,2.6,4.7,0.557,0.536,1.3,1.9,0.66,0.9,2.2,3.1,1.9,0.5,0.4,1.5,2.3,8.5
266,Kyle Kuzma,PF,27,WAS,55,55,35.1,8,18,0.447,2.5,7.7,0.331,5.5,10.3,0.534,0.518,2.6,3.6,0.717,0.9,6.5,7.5,3.9,0.5,0.5,3,2.4,21.2
267,Anthony Lamb,SF,25,GSW,46,3,19.7,2.5,5.2,0.494,1.3,3.4,0.387,1.2,1.8,0.695,0.62,0.7,0.9,0.721,0.9,2.5,3.4,1.7,0.5,0.3,1,2.4,7.1
268,Jock Landale,C,27,PHO,53,3,14.2,2.5,4.8,0.508,0.3,1.5,0.234,2.1,3.4,0.626,0.543,1.3,1.7,0.775,1.8,2.4,4.1,0.9,0.3,0.5,0.9,1.8,6.5
269,Romeo Langford,SG,23,SAS,32,19,20.2,3.1,6.4,0.49,0.4,1.4,0.283,2.7,4.9,0.551,0.522,0.8,1.2,0.649,1.4,1.4,2.9,1.3,0.5,0.3,0.7,1.7,7.4
270,Jake LaRavia,PF,21,MEM,31,0,12.5,1.1,2.8,0.391,0.7,2,0.333,0.4,0.8,0.542,0.511,0.2,0.3,0.778,0.5,1.4,1.9,0.7,0.4,0.1,0.6,1.5,3.1
271,Zach LaVine,SG,27,CHI,57,57,35.8,8.4,17.8,0.472,2.7,7.3,0.374,5.7,10.5,0.54,0.549,4.6,5.5,0.84,0.5,4.3,4.8,4,0.9,0.2,2.6,2.3,24.2
272,A.J. Lawson,SG,22,TOT,13,0,4.8,1,2,0.5,0.5,1.2,0.438,0.5,0.8,0.6,0.635,0.1,0.2,0.333,0.2,0.6,0.8,0.1,0.1,0,0.1,0.6,2.6
272,A.J. Lawson,SG,22,MIN,1,0,2,1,1,1,0,0,,1,1,1,1,0,0,,0,1,1,0,0,0,0,1,2
272,A.J. Lawson,SG,22,DAL,12,0,5.1,1,2.1,0.48,0.6,1.3,0.438,0.4,0.8,0.556,0.62,0.1,0.3,0.333,0.2,0.6,0.8,0.1,0.1,0,0.1,0.6,2.7
273,Damion Lee,SG,30,PHO,62,5,21.8,2.8,6.5,0.438,1.6,3.6,0.438,1.2,2.8,0.437,0.561,1.5,1.6,0.909,0.5,2.7,3.2,1.5,0.5,0.1,1.1,1.6,8.7
274,Saben Lee,PG,23,TOT,20,0,14.7,1.9,4.2,0.44,0.4,1,0.368,1.5,3.3,0.462,0.482,1.7,2.3,0.756,0.5,1.3,1.8,2.7,0.8,0.1,1.2,1.4,5.8
274,Saben Lee,PG,23,PHI,2,0,5,1.5,2,0.75,0,0.5,0,1.5,1.5,1,0.75,0,0,,0,0,0,1,0.5,0,1.5,0.5,3
274,Saben Lee,PG,23,PHO,18,0,15.8,1.9,4.4,0.425,0.4,1,0.389,1.5,3.4,0.435,0.469,1.9,2.5,0.756,0.6,1.4,2,2.9,0.8,0.1,1.1,1.4,6.1
275,Alex Len,C,29,SAC,14,1,3.4,0.4,0.7,0.5,0,0.1,0,0.4,0.6,0.556,0.5,0.2,0.3,0.75,0.3,0.8,1.1,0.4,0,0,0.4,0.7,0.9
276,Kawhi Leonard,SF,31,LAC,36,34,32.9,8.4,16.4,0.51,1.8,4.5,0.405,6.6,11.9,0.55,0.566,4.4,5.1,0.869,1.2,5,6.1,4,1.4,0.6,1.5,1.6,23
277,Meyers Leonard,C,30,MIL,2,0,10,1,2.5,0.4,1,2,0.5,0,0.5,0,0.6,1,1,1,1,2,3,0,0.5,0,0.5,1.5,4
278,Caris LeVert,SG,28,CLE,58,26,30,4.2,10.1,0.411,1.5,4.2,0.36,2.7,5.9,0.446,0.485,1.8,2.5,0.72,0.7,3.2,3.9,4,0.8,0.2,1.6,2.2,11.6
279,Kira Lewis Jr.,PG,21,NOP,15,0,10.6,2,4.1,0.492,0.7,1.5,0.455,1.3,2.6,0.513,0.574,0.9,1,0.933,0.3,1.7,1.9,1,0.3,0.1,0.5,1.1,5.6
280,Damian Lillard,PG,32,POR,47,47,36.3,9.7,20.6,0.472,4.3,11.4,0.381,5.4,9.2,0.583,0.577,8.5,9.2,0.919,0.6,3.7,4.3,7.2,0.8,0.3,3.2,1.9,32.3
281,Nassir Little,SF,22,POR,39,2,17.3,2.4,5,0.48,1.2,2.8,0.426,1.2,2.3,0.545,0.597,0.6,0.9,0.657,0.5,2.2,2.6,1,0.4,0.4,0.5,1.1,6.6
282,Isaiah Livers,PF,24,DET,39,9,21.4,1.9,4.6,0.413,1.3,3.5,0.377,0.6,1.1,0.537,0.559,0.6,0.7,0.786,0.5,1.9,2.4,0.6,0.5,0.6,0.6,1.9,5.7
283,Kenneth Lofton Jr.,PF,20,MEM,9,0,3.9,0.9,2.2,0.4,0,0.4,0,0.9,1.8,0.5,0.4,0.3,0.6,0.6,0.1,0.4,0.6,0.6,0.1,0,0.2,0.6,2.1
284,Kevon Looney,C,26,GSW,61,54,23.5,2.9,4.4,0.659,0,0,,2.9,4.4,0.659,0.659,1.1,1.8,0.607,3.1,6,9.1,2.5,0.5,0.6,0.5,2.9,6.9
285,Brook Lopez,C,34,MIL,59,59,30.4,5.6,11,0.509,1.8,4.9,0.372,3.8,6.1,0.619,0.592,1.7,2.2,0.766,2,4.7,6.6,1.2,0.5,2.4,1.4,2.5,14.7
286,Robin Lopez,C,34,CLE,32,1,7.7,1.2,1.8,0.655,0.1,0.1,0.667,1.1,1.7,0.655,0.672,0.4,0.5,0.75,0.6,0.7,1.3,0.4,0,0.1,0.7,1,2.8
287,Kevin Love,PF,34,TOT,43,5,20.2,2.7,7,0.383,1.7,4.8,0.346,1,2.1,0.467,0.503,1.3,1.5,0.892,1,6,7,1.9,0.2,0.2,1.1,1.6,8.4
287,Kevin Love,PF,34,CLE,41,3,20,2.7,7,0.389,1.7,4.8,0.354,1,2.2,0.467,0.511,1.4,1.5,0.889,1,5.8,6.8,1.9,0.2,0.2,1.1,1.6,8.5
287,Kevin Love,PF,34,MIA,2,2,24,2,7.5,0.267,1.5,6.5,0.231,0.5,1,0.5,0.367,1,1,1,0.5,10,10.5,3,0.5,1,0,1.5,6.5
288,Kyle Lowry,PG,36,MIA,44,44,33.3,3.8,9.7,0.396,2,6.1,0.333,1.8,3.6,0.503,0.501,2.3,2.7,0.855,0.9,3.5,4.3,5.3,1.1,0.4,2,2.8,12
289,Trey Lyles,PF,27,SAC,54,0,16.2,2.5,5.3,0.476,1.1,3,0.368,1.4,2.3,0.618,0.58,1.3,1.6,0.812,0.9,2.7,3.6,0.9,0.4,0.4,0.8,1.2,7.4
290,Théo Maledon,PG,21,CHO,36,1,16.1,1.8,4.4,0.414,0.6,1.8,0.333,1.2,2.6,0.468,0.481,1.4,1.6,0.875,0.3,2.1,2.4,2.4,0.8,0.2,1,1,5.6
291,Sandro Mamukelashvili,C,23,MIL,24,0,9,0.8,2.4,0.328,0.3,1.3,0.219,0.5,1.1,0.462,0.388,0.5,0.8,0.667,0.8,1.6,2.3,0.7,0.2,0.2,0.4,0.8,2.4
292,Terance Mann,SG,26,LAC,62,35,23.5,3.5,6.8,0.525,1,2.5,0.392,2.6,4.3,0.602,0.597,1.1,1.4,0.775,1,2.8,3.7,2.2,0.5,0.3,0.9,1.9,9.2
293,Tre Mann,PG,21,OKC,54,4,18.2,3,7.8,0.389,1.3,4.1,0.309,1.8,3.7,0.477,0.47,0.5,0.7,0.7,0.4,1.9,2.3,1.6,0.6,0.2,0.9,1.5,7.9
294,Boban Marjanovi?,C,34,HOU,20,0,4.5,1.3,1.9,0.676,0,0.1,0,1.3,1.8,0.694,0.676,0.8,1.1,0.762,0.6,1.1,1.6,0.2,0.1,0.1,0.3,0.2,3.3
295,Lauri Markkanen,SF,25,UTA,56,56,34.4,8.5,16.6,0.513,3,7.4,0.408,5.5,9.2,0.599,0.605,5.1,5.8,0.883,1.8,6.7,8.5,1.8,0.6,0.6,1.9,2.1,25.2
296,Naji Marshall,SF,25,NOP,56,19,24.6,3.4,7.9,0.426,1,3.1,0.313,2.4,4.7,0.502,0.489,1.9,2.4,0.778,0.7,3,3.7,2.5,0.8,0.2,1.2,1.5,9.6
297,Caleb Martin,PF,27,MIA,51,49,30,3.8,8.4,0.453,1.3,3.7,0.362,2.5,4.7,0.525,0.533,1.2,1.6,0.763,1.4,3.8,5.2,1.6,1,0.5,1.1,2.2,10.1
298,Cody Martin,SF,27,CHO,7,0,19.1,2,5.1,0.389,0.4,2,0.214,1.6,3.1,0.5,0.431,0.6,1,0.571,1.1,2.3,3.4,1.6,0.6,0.1,0.3,1.9,5
299,Kenyon Martin Jr.,SF,22,HOU,60,27,26.6,4.6,8.3,0.559,0.9,2.7,0.319,3.8,5.6,0.674,0.611,1.7,2.6,0.658,1.5,4.1,5.6,1.6,0.5,0.4,1.2,1.8,11.8
300,Tyrese Martin,SG,23,ATL,13,0,3.5,0.5,1.2,0.375,0.1,0.4,0.2,0.4,0.8,0.455,0.406,0.2,0.2,1,0.2,0.3,0.5,0,0.1,0,0.1,0.2,1.2
301,Garrison Mathews,SG,26,TOT,47,0,12.9,1.3,3.6,0.357,1.1,3.3,0.346,0.1,0.3,0.467,0.515,0.9,1,0.911,0.2,1.1,1.3,0.5,0.5,0.1,0.4,1.2,4.6
301,Garrison Mathews,SG,26,HOU,45,0,13.4,1.3,3.8,0.353,1.2,3.4,0.342,0.2,0.3,0.467,0.509,0.9,1,0.911,0.2,1.2,1.4,0.5,0.5,0.1,0.4,1.2,4.8
301,Garrison Mathews,SG,26,ATL,2,0,3,0.5,0.5,1,0.5,0.5,1,0,0,,1.5,0,0,,0,0.5,0.5,0,0,0,0,0,1.5
302,Bennedict Mathurin,SF,20,IND,62,6,28.3,5.5,12.7,0.43,1.4,4.3,0.325,4.1,8.4,0.485,0.485,4.9,5.9,0.828,1.1,3,4.1,1.5,0.6,0.1,1.8,2.1,17.3
303,Wesley Matthews,SG,36,MIL,39,0,15.6,1,3,0.331,0.8,2.4,0.326,0.2,0.6,0.348,0.462,0.4,0.5,0.85,0.8,1.5,2.2,0.5,0.4,0.3,0.4,1.4,3.2
304,Tyrese Maxey,SG,22,PHI,40,22,32.7,7,15.5,0.451,2.2,5.9,0.38,4.8,9.7,0.494,0.523,3.2,3.9,0.813,0.4,2.4,2.8,3.6,0.8,0.1,1.4,2.1,19.4
305,Miles McBride,PG,22,NYK,48,2,12.4,1.1,3.4,0.335,0.6,2.2,0.286,0.5,1.2,0.424,0.427,0.5,0.7,0.688,0.2,0.7,0.9,1.2,0.5,0,0.4,1,3.4
306,CJ McCollum,SG,31,NOP,54,54,35,7.9,18.1,0.434,2.8,7.4,0.382,5.1,10.8,0.47,0.512,2.5,3.1,0.792,0.8,3.5,4.3,5.9,0.9,0.6,2.6,1.9,21
307,T.J. McConnell,PG,30,IND,59,6,19.5,3.3,6.3,0.523,0.3,0.7,0.419,3,5.6,0.536,0.547,0.7,0.8,0.854,0.6,2.4,2.9,5,1,0.1,1.8,1.3,7.6
308,Jaden McDaniels,PF,22,MIN,60,60,30.6,4.5,8.7,0.516,1.3,3.3,0.385,3.2,5.4,0.596,0.589,1.2,1.7,0.733,1.3,2.6,3.9,2,1,1,1.4,3.5,11.4
309,Jalen McDaniels,SF,25,TOT,61,21,25.9,3.8,8.4,0.449,1.1,3.4,0.325,2.7,5,0.532,0.515,1.5,1.8,0.826,0.8,3.9,4.7,1.9,1.1,0.5,1.3,2.7,10.1
309,Jalen McDaniels,SF,25,CHO,56,21,26.7,3.9,8.8,0.447,1.2,3.6,0.322,2.8,5.2,0.534,0.513,1.6,1.9,0.846,0.8,4,4.8,2,1.2,0.5,1.4,2.8,10.6
309,Jalen McDaniels,SF,25,PHI,5,0,17.2,2,4,0.5,0.4,0.8,0.5,1.6,3.2,0.5,0.55,0.4,1,0.4,1,2.6,3.6,1,0.4,0,0,1.8,4.8
310,Doug McDermott,SF,31,SAS,53,0,20.5,3.6,7.9,0.459,1.8,4.4,0.409,1.8,3.5,0.525,0.574,0.7,1,0.745,0.3,1.8,2.2,1.5,0.2,0.1,0.9,1.8,9.8
311,JaVale McGee,C,35,DAL,36,7,8.1,1.8,2.9,0.604,0,0.1,0.25,1.8,2.8,0.618,0.608,0.5,0.9,0.563,0.8,1.8,2.6,0.3,0.1,0.6,0.9,1.2,4.1
312,Bryce McGowens,SG,20,CHO,26,1,14.7,1.4,3.7,0.379,0.5,1.3,0.364,0.9,2.4,0.387,0.442,0.8,1.1,0.786,0.3,1.3,1.7,1,0.3,0.2,0.6,0.8,4.1
313,Rodney McGruder,SG,31,DET,21,2,10.3,1,2.7,0.386,0.8,2,0.39,0.3,0.8,0.375,0.526,0.4,0.5,0.727,0.5,0.8,1.3,0.7,0.2,0,0.3,0.7,3.2
314,Jordan McLaughlin,PG,26,MIN,26,0,15.2,1.3,3.3,0.412,0.4,1.7,0.227,1,1.6,0.61,0.471,0.3,0.4,0.9,0.5,1.1,1.6,3.1,0.8,0.1,0.8,0.5,3.4
315,De'Anthony Melton,PG,24,PHI,56,47,28.1,3.7,8.8,0.427,2.1,5.3,0.401,1.6,3.4,0.466,0.549,0.8,1.1,0.78,0.9,3.1,4.1,2.7,1.7,0.5,1.4,2.5,10.4
316,Chimezie Metu,C,25,SAC,47,0,11.1,2.1,3.4,0.609,0.2,0.7,0.258,1.9,2.8,0.692,0.634,0.7,0.9,0.78,0.8,2.4,3.2,0.7,0.3,0.3,0.6,1.4,5
317,Khris Middleton,SF,31,MIL,19,7,21.4,4.8,11.5,0.417,1.4,4.7,0.289,3.4,6.7,0.508,0.477,2.4,2.6,0.92,0.7,3.4,4.2,4.1,0.6,0.2,2.1,2.2,13.4
318,Patty Mills,PG,34,BRK,36,1,13.3,2,4.9,0.412,1.2,3.2,0.368,0.9,1.8,0.492,0.531,0.5,0.6,0.905,0.2,0.8,1,1.3,0.4,0.1,0.6,0.8,5.8
319,Shake Milton,SG,26,PHI,55,9,20.9,3.4,6.8,0.495,0.7,1.9,0.383,2.6,4.9,0.539,0.549,1.4,1.6,0.854,0.5,2.1,2.6,2.9,0.3,0.2,1.3,1.6,8.9
320,Josh Minott,SF,20,MIN,11,0,6.2,1.3,2.5,0.519,0.1,0.4,0.25,1.2,2.1,0.565,0.537,0.5,0.5,1,0.5,1.5,2,0.3,0.3,0.5,0,0.6,3.2
321,Davion Mitchell,PG,24,SAC,59,5,17.8,2.2,4.9,0.447,0.8,2.3,0.326,1.4,2.6,0.556,0.524,0.3,0.4,0.8,0.2,1.1,1.3,2.2,0.5,0.2,0.8,1.4,5.5
322,Donovan Mitchell,SG,26,CLE,53,53,35.4,9.5,19.8,0.479,3.7,9.4,0.389,5.8,10.4,0.561,0.571,4.5,5.2,0.876,0.9,3.1,4,4.8,1.5,0.4,2.7,2.4,27.2
323,Evan Mobley,PF,21,CLE,62,62,34.1,6.5,11.9,0.552,0.3,1.3,0.22,6.3,10.5,0.594,0.565,2.6,3.7,0.696,2.3,6.5,8.8,2.7,0.8,1.3,2,2.9,16
324,Isaiah Mobley,PF,23,CLE,9,0,2.9,0.4,0.9,0.5,0.1,0.2,0.5,0.3,0.7,0.5,0.563,0,0,,0.1,1.1,1.2,0,0.1,0,0,0.2,1
325,Chima Moneke,SF,27,SAC,2,0,4,0.5,1,0.5,0,0,,0.5,1,0.5,0.5,0,1,0,1,0,1,0.5,0,0,1,1,1
326,Malik Monk,SG,24,SAC,57,0,22.8,4.9,10.8,0.455,1.8,5.2,0.344,3.1,5.6,0.558,0.537,2.4,2.7,0.901,0.5,2.1,2.6,3.8,0.6,0.2,2,1.6,14
327,Moses Moody,SG,20,GSW,47,3,13.9,1.7,3.9,0.434,0.8,2.4,0.333,0.9,1.4,0.603,0.538,0.7,0.9,0.727,0.4,1.2,1.6,0.9,0.3,0.1,0.6,0.8,4.9
328,Wendell Moore Jr.,SG,21,MIN,24,2,5.8,0.6,1.5,0.405,0.1,0.7,0.125,0.5,0.9,0.619,0.432,0.2,0.2,0.8,0.1,0.6,0.7,0.7,0.3,0.2,0.3,0.5,1.5
329,Ja Morant,PG,23,MEM,50,50,32.6,9.6,20.7,0.463,1.6,5.2,0.317,7.9,15.5,0.512,0.502,6.2,8.4,0.741,1.1,4.8,5.9,8.1,1.1,0.3,3.5,1.7,27
330,Marcus Morris,PF,33,LAC,55,55,28.7,4.5,10.5,0.432,1.9,5.1,0.375,2.6,5.4,0.485,0.522,1.2,1.5,0.78,0.4,3.7,4.1,1.8,0.6,0.4,0.9,2.2,12.2
331,Markieff Morris,PF,33,TOT,28,1,10.5,1.2,3,0.405,0.8,1.8,0.412,0.5,1.2,0.394,0.53,0.4,0.4,1,0.5,1.6,2.1,0.9,0.3,0.2,0.5,1.3,3.5
331,Markieff Morris,PF,33,BRK,27,1,10.6,1.2,3,0.402,0.7,1.8,0.408,0.5,1.2,0.394,0.524,0.4,0.4,1,0.5,1.7,2.2,0.9,0.3,0.2,0.5,1.2,3.6
331,Markieff Morris,PF,33,DAL,1,0,9,1,2,0.5,1,2,0.5,0,0,,0.75,0,0,,0,0,0,0,1,0,1,3,3
332,Monte Morris,PG,27,WAS,51,51,28.1,4,8.2,0.483,1.4,3.3,0.406,2.6,4.9,0.536,0.565,1.1,1.3,0.806,0.4,3,3.4,5.3,0.7,0.2,1,1.4,10.4
333,Trey Murphy III,SF,22,NOP,58,46,29.2,4.4,9.2,0.479,2.2,5.5,0.391,2.3,3.7,0.609,0.595,1.8,2,0.915,0.8,2.8,3.6,1.3,1,0.5,0.8,2,12.8
334,Dejounte Murray,SG,26,ATL,56,56,36.4,8.4,18.1,0.467,2.1,5.6,0.367,6.4,12.4,0.512,0.524,2,2.4,0.837,0.7,4.8,5.5,6.1,1.5,0.3,2.3,1.4,20.9
335,Jamal Murray,PG,25,DEN,48,48,32.6,7.3,16.1,0.451,2.4,6.3,0.384,4.8,9.8,0.494,0.526,3,3.6,0.827,0.8,3.3,4.1,6,1,0.2,2.1,1.4,19.9
336,Keegan Murray,SF,22,SAC,58,56,29.7,4.3,9.7,0.447,2.5,6,0.414,1.8,3.7,0.502,0.576,0.9,1.1,0.8,1.1,3.4,4.6,1.1,0.8,0.6,0.8,1.9,12
337,Mike Muscala,C,31,TOT,46,6,15.2,2.3,5.1,0.444,1.4,3.6,0.394,0.8,1.5,0.565,0.583,0.7,0.9,0.78,0.5,2.7,3.2,0.9,0.3,0.4,0.3,1.7,6.6
337,Mike Muscala,C,31,OKC,43,5,14.5,2.1,4.7,0.438,1.3,3.3,0.394,0.8,1.4,0.541,0.576,0.7,0.9,0.795,0.5,2.6,3.1,0.9,0.3,0.4,0.3,1.6,6.2
337,Mike Muscala,C,31,BOS,3,1,25.3,5,10.3,0.484,3,7.7,0.391,2,2.7,0.75,0.629,0.3,0.7,0.5,0.3,4.3,4.7,0.7,0.3,0.3,0.7,2,13.3
338,Svi Mykhailiuk,SF,25,TOT,15,0,4.7,0.7,1.7,0.44,0.5,1.1,0.5,0.2,0.6,0.333,0.6,0.2,0.4,0.5,0.1,0.5,0.6,0.1,0.1,0,0.3,0.2,2.2
338,Svi Mykhailiuk,SF,25,NYK,13,0,3.1,0.5,0.9,0.5,0.5,0.8,0.6,0,0.2,0,0.75,0.2,0.4,0.6,0,0.5,0.5,0.1,0.1,0,0.2,0.1,1.6
338,Svi Mykhailiuk,SF,25,CHO,2,0,15.5,2.5,6.5,0.385,1,3,0.333,1.5,3.5,0.429,0.462,0,0.5,0,0.5,0.5,1,0.5,0,0,1,1,6
339,Larry Nance Jr.,PF,30,NOP,50,1,22.3,3.2,5.3,0.616,0.3,0.8,0.342,3,4.5,0.662,0.641,1,1.4,0.676,1.8,4.1,5.9,1.9,0.9,0.7,0.7,2.1,7.7
340,Andrew Nembhard,SG,23,IND,55,43,26.9,3.2,7.6,0.422,1.2,3.5,0.34,2,4.1,0.493,0.501,0.5,0.5,0.867,0.5,2.2,2.7,4.1,1,0.2,1.7,2.6,8.1
341,Aaron Nesmith,SF,23,IND,55,43,24.6,3.3,8,0.416,1.5,4.2,0.349,1.9,3.8,0.49,0.508,1.6,1.8,0.87,0.8,2.9,3.8,1.2,0.8,0.4,0.9,3.4,9.7
342,Raul Neto,PG,30,CLE,41,1,10.2,1.1,2.2,0.517,0.3,0.9,0.333,0.8,1.3,0.642,0.584,0.6,0.6,0.92,0.2,0.8,1,1.4,0.4,0.1,0.3,0.9,3.1
343,Georges Niang,PF,29,PHI,57,0,19.6,3,6.8,0.443,2.1,5.2,0.404,0.9,1.6,0.573,0.598,0.5,0.6,0.875,0.3,2.1,2.4,1.1,0.4,0.2,0.7,1.9,8.6
344,Daishen Nix,PG,20,HOU,43,5,16,1.4,4,0.349,0.8,2.5,0.315,0.6,1.5,0.406,0.448,0.5,0.7,0.71,0.3,1.4,1.7,2.5,0.7,0.1,1.4,1,4.1
345,Zeke Nnaji,PF,22,DEN,44,5,13.3,2,3.5,0.572,0.3,1,0.289,1.7,2.4,0.692,0.615,0.8,1.2,0.667,1.3,1,2.3,0.3,0.3,0.4,0.5,1.8,5.1
346,Nerlens Noel,C,28,DET,14,3,10.9,0.9,2.1,0.4,0.1,0.1,0.5,0.8,2,0.393,0.417,0.5,0.7,0.7,0.5,2.1,2.6,0.5,0.9,0.6,0.6,1.8,2.3
347,Jaylen Nowell,SG,23,MIN,62,2,19.5,4.3,9.7,0.446,1.1,3.6,0.293,3.2,6,0.537,0.501,1.2,1.6,0.784,0.5,2.1,2.6,2,0.6,0.1,1,1.5,10.9
348,Frank Ntilikina,PG,24,DAL,38,3,12.2,0.9,2.6,0.347,0.3,1.4,0.208,0.6,1.2,0.511,0.403,0.4,0.6,0.636,0.2,1.2,1.3,1.2,0.3,0.1,0.7,1.3,2.4
349,Kendrick Nunn,SG-PG,27,TOT,52,2,14.5,2.7,6.5,0.42,1.1,3.2,0.337,1.7,3.3,0.5,0.503,0.5,0.6,0.839,0.2,1.3,1.6,1.3,0.4,0.1,0.9,0.9,7
349,Kendrick Nunn,SG,27,LAL,39,2,13.5,2.6,6.4,0.406,1.1,3.2,0.325,1.6,3.2,0.488,0.488,0.4,0.5,0.81,0.1,1.3,1.4,0.9,0.3,0.1,0.8,0.9,6.7
349,Kendrick Nunn,PG,27,WAS,13,0,17.5,3.1,6.7,0.46,1.2,3.1,0.375,1.9,3.6,0.532,0.546,0.7,0.8,0.9,0.5,1.5,2,2.5,0.6,0,1.2,1.1,8
350,Jusuf Nurki?,C,28,POR,45,45,27.3,5.2,9.8,0.524,0.9,2.2,0.39,4.3,7.6,0.563,0.568,2.6,3.8,0.686,2.3,7.2,9.4,2.9,0.9,0.9,2.4,3.6,13.8
351,Jordan Nwora,SF,24,TOT,42,3,15.8,2.1,5.4,0.39,1,2.8,0.379,1.1,2.7,0.402,0.487,0.9,1.1,0.826,0.7,2.4,3.2,1.1,0.4,0.2,0.9,0.9,6.2
351,Jordan Nwora,SF,24,MIL,38,3,15.7,2,5.2,0.386,1.1,2.7,0.392,0.9,2.5,0.379,0.487,1,1.1,0.86,0.8,2.3,3.1,1,0.3,0.2,0.9,0.9,6
351,Jordan Nwora,SF,24,IND,4,0,16.5,3.3,7.8,0.419,1,3.5,0.286,2.3,4.3,0.529,0.484,0.3,0.8,0.333,0.5,3.5,4,2.3,0.8,0,0.8,0.5,7.8
352,Royce O'Neale,SF,29,BRK,57,52,33,3.1,7.9,0.395,2.2,5.5,0.402,0.9,2.4,0.38,0.535,0.6,0.8,0.739,0.6,4.1,4.7,3.8,0.8,0.7,1.6,3.1,9.1
353,Chuma Okeke,SF,24,ORL,19,7,21.3,1.7,4.6,0.364,0.9,3.2,0.295,0.7,1.4,0.519,0.466,0.8,1.1,0.762,1.1,3,4.1,1.4,0.6,0.5,0.5,1.8,5.2
354,Josh Okogie,SG,24,PHO,52,6,15.6,2.1,5,0.424,0.8,2.2,0.345,1.4,2.8,0.486,0.5,1.5,2.2,0.699,1.5,1.8,3.3,1.2,0.7,0.4,0.9,1.5,6.6
355,Onyeka Okongwu,C,22,ATL,59,17,24.1,3.9,6.2,0.635,0,0.1,0.2,3.9,6.1,0.641,0.636,1.5,2.1,0.746,2.6,4.7,7.4,1,0.7,1.3,1,3.3,9.4
356,Isaac Okoro,SF,22,CLE,64,34,21.2,2.3,4.6,0.491,0.8,2.2,0.355,1.5,2.4,0.618,0.577,1,1.4,0.736,0.7,1.9,2.6,1.1,0.7,0.4,0.6,1.9,6.3
357,KZ Okpala,PF,23,SAC,35,3,7.1,0.5,1.1,0.421,0.2,0.6,0.333,0.3,0.5,0.529,0.513,0.2,0.2,0.875,0.2,0.8,1,0.4,0.2,0.2,0.2,1.1,1.3
358,Victor Oladipo,SG,30,MIA,28,1,27.9,3.8,9.7,0.39,1.3,4.7,0.28,2.5,5,0.493,0.458,1.5,2,0.754,0.5,2.9,3.4,3.8,1.5,0.2,1.9,2.4,10.4
359,Kelly Olynyk,C,31,UTA,50,50,28.2,4,8.1,0.495,1.5,3.6,0.41,2.6,4.6,0.561,0.585,2.6,3,0.842,1.3,4.1,5.4,3.3,1,0.6,2.2,3.8,12.1
360,Eugene Omoruyi,SF,25,OKC,23,2,11.8,1.9,4.1,0.468,0.3,1.3,0.258,1.6,2.7,0.571,0.511,0.7,1.2,0.607,1,1.3,2.3,0.5,0.6,0,0.7,2,4.9
361,Cedi Osman,SF,27,CLE,60,0,21,3.3,7.2,0.453,1.4,4.1,0.348,1.8,3.1,0.591,0.552,1,1.5,0.659,0.3,2,2.3,1.6,0.5,0.1,0.7,1.6,8.9
362,Kelly Oubre Jr.,SF,27,CHO,37,30,32.1,7.3,17.3,0.422,2.2,7.2,0.306,5.1,10.1,0.504,0.485,2.9,4,0.725,1.5,3.7,5.1,1.1,1.5,0.4,1.3,2.9,19.7
363,Chris Paul,PG,37,PHO,41,41,32.1,4.8,11.3,0.429,1.6,4.1,0.376,3.3,7.1,0.459,0.498,2.6,3.2,0.817,0.4,3.8,4.2,8.9,1.5,0.4,2.1,2.2,13.8
364,Cameron Payne,PG,28,PHO,30,14,23.2,4.4,10.8,0.41,1.7,4.5,0.381,2.7,6.3,0.432,0.489,1.3,1.8,0.736,0.3,2,2.4,4.9,0.9,0.2,2,2.1,11.9
365,Gary Payton II,PG,30,POR,15,1,17,1.6,2.7,0.585,0.6,1.1,0.529,1,1.6,0.625,0.695,0.3,0.3,1,0.7,1.9,2.6,1.5,1.1,0.1,0.8,1.9,4.1
366,Theo Pinson,SG,27,DAL,33,0,7.2,0.6,1.8,0.339,0.5,1.3,0.357,0.2,0.5,0.294,0.466,0.3,0.3,0.818,0.2,0.9,1.2,0.9,0.1,0,0.3,0.7,1.9
367,Scotty Pippen Jr.,PG,22,LAL,6,0,5.3,0.7,2,0.333,0.2,0.5,0.333,0.5,1.5,0.333,0.375,0.8,1.5,0.556,0.3,0.3,0.7,0.3,0.3,0.2,0.3,0.5,2.3
368,Mason Plumlee,C,32,TOT,60,58,28.1,4.6,6.8,0.677,0,0,,4.6,6.8,0.677,0.677,2.8,4.5,0.615,3.2,6.3,9.5,3.6,0.6,0.6,1.5,2.9,11.9
368,Mason Plumlee,C,32,CHO,56,56,28.5,4.7,7.1,0.669,0,0,,4.7,7.1,0.669,0.669,2.8,4.6,0.605,3.3,6.3,9.7,3.7,0.6,0.6,1.6,2.9,12.2
368,Mason Plumlee,C,32,LAC,4,2,21.8,2.5,2.5,1,0,0,,2.5,2.5,1,1,2.8,3.5,0.786,1.5,6.3,7.8,2.8,0.8,0.8,1.3,3,7.8
369,Jakob Poeltl,C,27,TOT,52,51,26.2,5.3,8.4,0.632,0,0,0,5.3,8.4,0.633,0.632,1.7,2.9,0.586,3.3,5.8,9.1,3,0.9,1.2,1.9,2.7,12.3
369,Jakob Poeltl,C,27,SAS,46,46,26.1,5.2,8.4,0.616,0,0,0,5.2,8.4,0.618,0.616,1.7,2.8,0.605,3.3,5.7,9,3.1,0.8,1.1,2.1,2.6,12.1
369,Jakob Poeltl,C,27,TOR,6,5,27.2,6.2,8.2,0.755,0,0,,6.2,8.2,0.755,0.755,1.8,3.8,0.478,3.5,6.3,9.8,2.3,1.7,2,0.8,3.7,14.2
370,Aleksej Pokusevski,PF,21,OKC,31,25,21.8,3.5,7.8,0.44,1.2,3.3,0.376,2.2,4.6,0.486,0.519,0.7,1.1,0.636,1.5,3.6,5.1,2,0.6,1.3,1.3,1.8,8.8
371,Jordan Poole,PG,23,GSW,61,38,30.7,7,16.1,0.432,2.6,8,0.33,4.4,8.2,0.532,0.514,4.1,4.7,0.862,0.4,2.4,2.8,4.6,0.8,0.2,3.3,2.7,20.7
372,Kevin Porter Jr.,PG,22,HOU,40,40,34,6.7,15.4,0.437,2.2,6.4,0.346,4.5,9,0.501,0.509,3.5,4.6,0.766,1.4,4.1,5.5,5.6,1.3,0.4,3.6,2.7,19.2
373,Michael Porter Jr.,SF,24,DEN,45,45,29.3,6.3,13.1,0.48,3,7.3,0.409,3.3,5.8,0.569,0.594,1.5,1.9,0.8,0.9,4.5,5.4,1,0.6,0.5,1.1,2.2,17
374,Otto Porter Jr.,SF,29,TOR,8,2,18.3,1.9,3.8,0.5,0.8,2.1,0.353,1.1,1.6,0.692,0.6,1,1,1,0.8,1.6,2.4,1,1.4,0,0.5,0.9,5.5
375,Bobby Portis,PF,27,MIL,49,15,26.6,5.9,11.9,0.501,1.2,3.6,0.339,4.7,8.3,0.57,0.552,1.3,1.6,0.844,2.6,7.4,10,1.8,0.4,0.2,1.2,1.7,14.4
376,Kristaps Porzi??is,C,27,WAS,51,51,32.6,7.4,15.2,0.487,2.1,5.5,0.376,5.3,9.7,0.549,0.555,5.9,7,0.846,1.9,6.7,8.6,2.5,0.9,1.5,2.2,3.1,22.8
377,Micah Potter,PF,24,UTA,3,0,4.7,0.7,0.7,1,0,0,,0.7,0.7,1,1,0,0,,0.3,0.7,1,0.7,0,0,0,0.7,1.3
378,Dwight Powell,C,31,DAL,57,45,19.9,2.6,3.6,0.725,0,0.1,0,2.6,3.5,0.736,0.725,1.6,2.4,0.691,2.1,2.3,4.4,0.8,0.7,0.4,0.9,2.9,6.8
379,Norman Powell,SG,29,LAC,52,7,25.9,5.7,11.7,0.484,2.1,4.9,0.423,3.6,6.8,0.528,0.572,3.6,4.5,0.804,0.4,2.6,3,1.8,0.8,0.3,1.7,2,17
380,Jason Preston,PG,23,LAC,13,0,9.4,1.4,3.2,0.439,0.4,1.4,0.278,1,1.8,0.565,0.5,0,0.2,0,0.2,1.5,1.7,2.1,0.2,0,0.8,0.5,3.2
381,Joshua Primo,SG,20,SAS,4,0,23.3,2.3,6.5,0.346,0.8,3,0.25,1.5,3.5,0.429,0.404,1.8,2.3,0.778,0.5,2.8,3.3,4.5,0.3,0.5,2.8,2,7
382,Taurean Prince,SF,28,MIN,37,2,21.3,3.2,6.4,0.496,1.4,3.4,0.397,1.8,3,0.609,0.602,0.8,1,0.833,0.3,2.1,2.4,1.6,0.5,0.4,1.2,2.4,8.5
383,Payton Pritchard,PG,25,BOS,42,2,12.8,1.9,4.6,0.404,1,2.9,0.342,0.9,1.7,0.507,0.51,0.2,0.3,0.692,0.5,1,1.5,1.1,0.3,0,0.7,0.8,4.9
384,Trevelin Queen,SG,25,IND,7,0,10,1,4.1,0.241,0.3,2.1,0.133,0.7,2,0.357,0.276,0.7,0.7,1,1.1,1.3,2.4,0.9,0.3,0.7,1,0.6,3
385,Neemias Queta,C,23,SAC,4,0,6.3,1.5,2,0.75,0,0,,1.5,2,0.75,0.75,0,0.5,0,1,1.3,2.3,0.3,0,0.3,0.3,1.8,3
386,Immanuel Quickley,PG,23,NYK,61,10,27.8,4.5,10.2,0.44,1.7,4.9,0.353,2.7,5.2,0.522,0.526,2,2.5,0.821,0.7,3.4,4.1,3.1,0.8,0.2,1.1,2.1,12.7
387,Julius Randle,PF,28,NYK,62,62,35.8,8.5,18.4,0.464,2.8,8.1,0.345,5.8,10.4,0.556,0.539,5.3,6.9,0.76,2.1,8.5,10.6,4.1,0.7,0.3,2.8,3,25.1
388,Austin Reaves,SG,24,LAL,43,12,27.7,3.4,6.8,0.502,1.2,3.3,0.376,2.2,3.5,0.62,0.593,2.6,2.9,0.873,0.6,2.4,3,2.2,0.5,0.3,1.3,1.7,10.6
389,Cam Reddish,SF,23,TOT,25,13,22.9,3.3,7.4,0.451,1.1,3.4,0.326,2.2,3.9,0.561,0.527,1.6,1.7,0.907,0.4,1.3,1.7,1.3,0.9,0.4,0.8,1.7,9.3
389,Cam Reddish,SF,23,NYK,20,8,21.9,3.1,6.8,0.449,0.9,2.8,0.304,2.2,4,0.55,0.511,1.5,1.7,0.879,0.4,1.2,1.6,1,0.8,0.4,0.8,1.6,8.4
389,Cam Reddish,SF,23,POR,5,5,27,4.4,9.6,0.458,2.2,6,0.367,2.2,3.6,0.611,0.573,2,2,1,0.6,1.8,2.4,2.6,1.6,0.2,1.2,2.2,13
390,Davon Reed,SG,27,TOT,38,1,8.8,0.7,2.2,0.329,0.4,1.2,0.378,0.3,1,0.27,0.433,0.4,0.6,0.667,0.3,1.3,1.5,0.6,0.4,0.1,0.5,1,2.3
390,Davon Reed,SG,27,DEN,35,1,9,0.7,2.3,0.313,0.5,1.3,0.364,0.3,1,0.25,0.413,0.4,0.6,0.75,0.3,1.3,1.6,0.5,0.4,0.1,0.6,1,2.3
390,Davon Reed,SG,27,LAL,3,0,6,0.7,0.7,1,0.3,0.3,1,0.3,0.3,1,1.25,0.3,1.3,0.25,0.3,0.7,1,0.7,0.3,0,0,0.3,2
391,Paul Reed,C,23,PHI,46,0,9.4,1.3,2.3,0.575,0,0.1,0,1.3,2.2,0.598,0.575,0.3,0.5,0.727,1.2,1.9,3.1,0.3,0.7,0.6,0.6,1.8,3
392,Naz Reid,C,23,MIN,55,11,18.1,4.3,8,0.529,1,3.1,0.329,3.2,4.9,0.658,0.594,1.1,1.6,0.667,1.1,3.7,4.9,1.1,0.6,0.9,1.3,2.5,10.6
393,Jared Rhoden,SG,23,DET,1,0,12,1,3,0.333,0,1,0,1,2,0.5,0.333,0,0,,0,1,1,0,0,0,0,3,2
394,Nick Richards,C,25,CHO,47,0,17.3,3,4.9,0.611,0,0,,3,4.9,0.611,0.611,2,2.7,0.729,2.4,3.3,5.8,0.5,0.2,1,0.8,2.3,8
395,Josh Richardson,SG,29,TOT,46,8,24.2,4.2,9.6,0.437,1.7,5,0.351,2.5,4.7,0.528,0.527,1.3,1.5,0.857,0.7,2.1,2.8,3.2,1.2,0.3,1.5,1.8,11.4
395,Josh Richardson,SG,29,SAS,42,6,23.7,4.2,9.7,0.436,1.8,4.9,0.357,2.5,4.7,0.518,0.527,1.3,1.4,0.883,0.7,2.1,2.8,3.3,1,0.3,1.5,1.7,11.5
395,Josh Richardson,SG,29,NOP,4,2,28.8,4,9,0.444,1.5,5.3,0.286,2.5,3.8,0.667,0.528,1.8,2.5,0.7,0.3,2.3,2.5,3,3.5,0.8,1.3,3.5,11.3
396,Austin Rivers,SG,30,MIN,48,10,20.8,1.9,4.3,0.446,0.9,2.5,0.355,1,1.7,0.578,0.551,0.6,0.8,0.769,0.1,1.6,1.7,1.5,0.6,0.1,0.5,1.7,5.3
397,Duncan Robinson,SF,28,MIA,31,0,17.7,2.2,6.1,0.356,1.6,4.9,0.32,0.6,1.1,0.514,0.487,0.6,0.7,0.909,0.3,1.6,1.9,1.2,0.4,0,0.7,2,6.5
398,Mitchell Robinson,C,24,NYK,40,39,27,3.2,4.7,0.688,0,0,,3.2,4.7,0.688,0.688,1,2,0.506,4.3,4.8,9.1,0.9,0.9,1.8,0.5,3,7.4
399,Orlando Robinson,C,22,MIA,29,1,13.7,1.6,3,0.535,0,0.2,0,1.6,2.8,0.568,0.535,0.7,1,0.724,1.5,2.6,4.1,0.7,0.4,0.4,0.5,1.8,3.9
400,Jeremiah Robinson-Earl,PF,22,OKC,31,18,20.1,2.9,6.3,0.464,1,2.8,0.341,2,3.5,0.565,0.541,0.9,1.1,0.794,1.8,2.8,4.5,1,0.7,0.4,0.5,1.7,7.7
401,Isaiah Roby,PF,24,SAS,42,2,11.3,1.6,3.7,0.432,0.4,1.4,0.3,1.2,2.3,0.516,0.49,0.5,1,0.488,0.5,2,2.5,0.9,0.4,0.2,0.7,1.3,4.1
402,David Roddy,PF,21,MEM,48,1,17.4,2.4,5.7,0.421,0.8,2.9,0.292,1.6,2.8,0.551,0.495,0.6,1,0.625,0.6,2,2.6,0.6,0.5,0.3,0.9,1.5,6.3
403,Ryan Rollins,PG,20,GSW,12,0,5.2,0.6,1.7,0.35,0.3,0.8,0.333,0.3,0.9,0.364,0.425,0.5,0.5,1,0.3,0.8,1,0.5,0.1,0.1,1.3,0.8,1.9
404,Derrick Rose,PG,34,NYK,27,0,12.5,2.3,5.9,0.384,0.7,2.3,0.302,1.6,3.6,0.438,0.443,0.4,0.4,0.917,0.3,1.2,1.5,1.7,0.3,0.2,0.8,0.7,5.6
405,Terrence Ross,SG,31,TOT,45,9,22.4,3.2,7.3,0.433,1.5,3.9,0.373,1.7,3.4,0.503,0.534,0.4,0.5,0.727,0.2,1.9,2.2,1.3,0.6,0.2,0.8,1.4,8.1
405,Terrence Ross,SG,31,ORL,42,9,22.5,3.1,7.1,0.431,1.5,3.8,0.381,1.6,3.3,0.489,0.533,0.4,0.5,0.75,0.2,1.8,2,1.3,0.6,0.2,0.9,1.3,8
405,Terrence Ross,SG,31,PHO,3,0,21.7,4.3,9.7,0.448,1.7,5.7,0.294,2.7,4,0.667,0.534,0.3,0.7,0.5,0.3,3.7,4,2,0.3,0,0,2.7,10.7
406,Terry Rozier,SG,28,CHO,51,51,35.6,7.9,19,0.413,2.7,8.1,0.328,5.2,10.9,0.477,0.483,3,3.6,0.826,0.9,3.3,4.2,4.8,1.1,0.3,2.1,1.9,21.4
407,Ricky Rubio,PG,32,CLE,16,0,16.7,1.7,5.5,0.307,0.8,3.1,0.265,0.9,2.4,0.359,0.381,0.9,1.3,0.75,0.3,2.1,2.3,3.5,1.1,0.1,0.8,1.6,5.1
408,D'Angelo Russell,PG,26,TOT,58,58,32.4,6.2,13.3,0.464,2.7,6.8,0.389,3.5,6.4,0.543,0.564,2.6,3.1,0.85,0.5,2.6,3.1,6.1,1.1,0.4,2.6,2.1,17.6
408,D'Angelo Russell,PG,26,MIN,54,54,32.9,6.3,13.5,0.465,2.7,7,0.391,3.5,6.4,0.546,0.567,2.6,3.1,0.856,0.5,2.5,3.1,6.2,1.1,0.4,2.7,2.2,17.9
408,D'Angelo Russell,PG,26,LAL,4,4,24.8,4.8,10.8,0.442,1.5,4.3,0.353,3.3,6.5,0.5,0.512,2.5,3.3,0.769,0.5,3,3.5,5,0.3,0,1.5,1.3,13.5
409,Matt Ryan,SF,25,TOT,32,0,9.5,1.3,3.3,0.374,1,2.6,0.386,0.3,0.8,0.333,0.523,0.3,0.4,0.833,0.1,0.7,0.8,0.5,0.2,0,0.2,0.8,3.8
409,Matt Ryan,SF,25,LAL,12,0,10.8,1.3,4.1,0.306,1.1,2.9,0.371,0.2,1.2,0.143,0.439,0.3,0.4,0.8,0.2,1,1.2,0.3,0.2,0,0.3,1.2,3.9
409,Matt Ryan,SF,25,MIN,20,0,8.7,1.3,2.9,0.431,1,2.4,0.396,0.3,0.5,0.6,0.595,0.3,0.4,0.857,0.1,0.5,0.6,0.6,0.2,0.1,0.2,0.7,3.8
410,Domantas Sabonis,C,26,SAC,58,58,34.5,7.1,11.5,0.611,0.4,1.2,0.348,6.6,10.3,0.642,0.629,4.2,5.5,0.767,3,9.4,12.4,6.9,0.9,0.4,3,3.7,18.7
411,Dario ari?,PF,28,TOT,41,12,14.1,2,4.7,0.432,0.7,1.9,0.39,1.3,2.8,0.461,0.51,1,1.2,0.843,1,2.7,3.7,1.5,0.3,0.1,1,1.9,5.8
411,Dario ari?,PF,28,PHO,37,12,14.4,2.1,4.8,0.427,0.7,1.9,0.391,1.3,2.9,0.45,0.503,1,1.2,0.818,1.1,2.8,3.8,1.5,0.4,0.1,1,1.9,5.8
411,Dario ari?,PF,28,OKC,4,0,11.5,1.8,3.5,0.5,0.8,2,0.375,1,1.5,0.667,0.607,1.8,1.8,1,0.8,2,2.8,0.8,0.3,0,1.5,1.8,6
412,Jordan Schakel,SF,24,WAS,2,0,3,0.5,1,0.5,0.5,0.5,1,0,0.5,0,0.75,0,0,,0,0,0,0.5,0.5,0,0,0.5,1.5
413,Admiral Schofield,PF,25,ORL,28,0,12.6,1.6,3.3,0.478,0.6,1.9,0.333,0.9,1.4,0.684,0.576,0.6,0.7,0.895,0.7,1.2,1.9,0.8,0.2,0.1,0.2,1.9,4.4
414,Dennis Schröder,PG,29,LAL,47,42,30.7,4,9.5,0.424,1.2,3.4,0.342,2.9,6.1,0.47,0.485,3.2,3.7,0.873,0.3,2.3,2.5,4.3,0.7,0.1,1.6,2.2,12.5
415,Dereon Seabron,SG,22,NOP,5,0,2.4,0.4,1,0.4,0,0,,0.4,1,0.4,0.4,0,0,,0.2,0,0.2,0,0,0,0,0.2,0.8
416,Alperen ?engün,C,20,HOU,55,52,28.1,5.9,10.6,0.554,0.2,0.7,0.333,5.7,9.9,0.57,0.565,3,3.9,0.751,3.2,5.5,8.8,3.8,0.8,0.9,2.5,3.4,15
417,Collin Sexton,SG,24,UTA,47,15,24,4.9,9.7,0.507,1,2.5,0.41,3.9,7.2,0.54,0.559,3.4,4.2,0.822,0.8,1.4,2.2,2.9,0.6,0.1,1.8,2.3,14.3
418,Landry Shamet,SG,25,PHO,30,7,21.4,3.1,8.1,0.38,2,5.4,0.377,1,2.7,0.388,0.506,1.4,1.5,0.911,0.3,1.4,1.7,2.2,0.6,0.2,1,1.5,9.5
419,Day'Ron Sharpe,C,21,BRK,33,2,10.4,1.7,3.1,0.545,0.1,0.2,0.667,1.5,2.9,0.537,0.564,0.5,0.8,0.593,1.7,2.2,3.8,0.8,0.2,0.5,0.9,1.9,3.9
420,Shaedon Sharpe,SG,19,POR,59,5,20.2,3.2,6.7,0.471,1,2.8,0.347,2.2,3.9,0.561,0.544,0.5,0.8,0.667,0.8,1.7,2.5,0.6,0.4,0.3,0.7,1.6,7.9
421,Pascal Siakam,C,28,TOR,52,52,37.5,9.1,19,0.479,1.4,4.1,0.349,7.6,14.8,0.515,0.517,5.7,7.5,0.768,1.8,5.9,7.7,6.1,0.8,0.6,2.5,3.3,25.3
422,Chris Silva,PF,26,DAL,1,0,3,1,1,1,0,0,,1,1,1,1,0,0,,0,0,0,0,0,0,1,2,2
423,Ben Simmons,PG,26,BRK,42,33,26.3,3.2,5.6,0.566,0,0,0,3.2,5.5,0.571,0.566,0.6,1.4,0.439,1,5.3,6.3,6.1,1.3,0.6,2.3,3.3,6.9
424,Marko Simonovic,C,23,CHI,3,0,1.7,0,0.3,0,0,0.3,0,0,0,,0,0,0,,0,0,0,0,0,0,0,0.3,0
425,Anfernee Simons,SG,23,POR,56,56,35.5,7.6,16.9,0.45,3.5,9.2,0.381,4.1,7.8,0.532,0.553,2.6,2.9,0.913,0.3,2.4,2.7,4.2,0.7,0.2,2.2,2.4,21.4
426,Jericho Sims,C,24,NYK,48,16,16.1,1.7,2.2,0.769,0,0,0,1.7,2.1,0.777,0.769,0.3,0.3,0.75,1.9,2.9,4.8,0.5,0.3,0.6,0.5,1.9,3.6
427,Marcus Smart,PG,28,BOS,44,44,32.3,4,9.5,0.424,1.8,5.3,0.33,2.3,4.2,0.543,0.517,1.4,1.8,0.769,0.7,2.8,3.5,7,1.4,0.4,2.4,2.6,11.2
428,Dennis Smith Jr.,PG,25,CHO,40,12,25.1,3.5,8,0.433,0.4,1.9,0.221,3,6.1,0.5,0.459,1.2,1.6,0.754,0.4,2.3,2.7,4.4,1.4,0.4,1.6,2.2,8.6
429,Dru Smith,SG,25,TOT,8,1,12.1,1.3,2.9,0.435,0.3,1.3,0.2,1,1.6,0.615,0.478,0,0,,0.1,1.8,1.9,1.3,1,0.4,0.3,1.6,2.8
429,Dru Smith,SG,25,MIA,5,1,13.4,1,2.8,0.357,0.2,1.2,0.167,0.8,1.6,0.5,0.393,0,0,,0.2,1.6,1.8,1,0.8,0.6,0.2,2,2.2
429,Dru Smith,SG,25,BRK,3,0,10,1.7,3,0.556,0.3,1.3,0.25,1.3,1.7,0.8,0.611,0,0,,0,2,2,1.7,1.3,0,0.3,1,3.7
430,Ish Smith,PG,34,DEN,31,0,10.2,1.4,3.2,0.424,0.1,0.2,0.333,1.3,3,0.43,0.434,0,0.1,0.5,0.1,1.3,1.4,2.4,0.2,0.2,1.2,0.9,2.8
431,Jabari Smith Jr.,PF,19,HOU,57,57,30.1,4.2,10.9,0.384,1.6,5.3,0.297,2.6,5.7,0.464,0.455,2,2.6,0.788,1.3,5.8,7.1,1.2,0.5,1,1.5,2.9,12
432,Jalen Smith,PF,22,IND,52,28,18.2,3.4,7.4,0.46,0.8,2.9,0.276,2.6,4.4,0.58,0.514,1.5,1.9,0.76,1.8,3.8,5.6,0.9,0.3,0.8,1.1,2.1,9
433,Jeremy Sochan,PF,19,SAS,49,46,26,4.1,9.2,0.448,0.6,2.3,0.261,3.6,7,0.509,0.48,1.3,1.9,0.695,1.7,3.2,4.9,2.5,0.7,0.4,1.7,2.5,10.2
434,Jaden Springer,SG,20,PHI,7,0,3.7,1,1.7,0.583,0,0,,1,1.7,0.583,0.583,0.4,0.6,0.75,0.6,0.4,1,0.1,0.3,0.3,0.1,1,2.4
435,Lamar Stevens,PF,25,CLE,45,18,17.4,2,4.4,0.457,0.4,1.5,0.303,1.6,3,0.534,0.508,0.6,0.9,0.718,0.6,2.4,3,0.6,0.4,0.3,0.5,1.2,5.1
436,Isaiah Stewart,C,21,DET,50,47,28.3,3.9,8.8,0.442,1.3,4.1,0.327,2.6,4.7,0.542,0.518,2.2,3,0.738,2.3,5.8,8.1,1.4,0.4,0.7,1.4,2.7,11.3
437,Max Strus,SF,26,MIA,59,27,29.9,4.3,10.8,0.398,2.5,7.5,0.335,1.8,3.2,0.547,0.516,1.2,1.3,0.872,0.7,2.9,3.6,2.2,0.6,0.2,1,2.1,12.3
438,Jalen Suggs,PG,21,ORL,36,14,23,3.3,8,0.417,1.1,3.7,0.306,2.2,4.3,0.513,0.488,1.6,2.2,0.7,0.9,1.9,2.8,3.3,1.2,0.5,1.9,2.3,9.4
439,Edmond Sumner,SG,27,BRK,46,12,14.5,2.5,5.3,0.459,0.6,1.8,0.346,1.8,3.6,0.515,0.516,1.9,2.1,0.926,0.2,1.3,1.6,1.4,0.7,0.2,1,1.7,7.4
440,Cole Swider,SF,23,LAL,6,0,6.7,0.5,1.5,0.333,0.5,1.3,0.375,0,0.2,0,0.5,0,0,,0.2,1,1.2,0.7,0,0,0,0.5,1.5
441,Jae'Sean Tate,SF,27,HOU,22,7,21.5,3.4,7.2,0.468,0.4,1.4,0.29,3,5.8,0.512,0.497,1.3,1.9,0.667,1.5,2.2,3.7,2.6,0.6,0.2,1.6,3.3,8.4
442,Jayson Tatum,PF,24,BOS,57,57,37.4,9.9,21.4,0.461,3.3,9.3,0.355,6.6,12.1,0.544,0.539,7.4,8.5,0.864,1.1,7.6,8.7,4.6,1,0.8,2.9,2.1,30.4
443,Terry Taylor,PF,23,TOT,27,2,8.6,1.2,2.5,0.478,0.1,0.7,0.222,1,1.8,0.571,0.507,0.2,0.3,0.714,0.8,0.6,1.4,0.4,0.1,0.2,0.3,0.9,2.7
443,Terry Taylor,PF,23,IND,26,2,8.8,1.2,2.5,0.462,0.2,0.7,0.222,1,1.8,0.553,0.492,0.2,0.3,0.714,0.8,0.7,1.5,0.4,0.1,0.2,0.3,0.9,2.7
443,Terry Taylor,PF,23,CHI,1,0,4,2,2,1,0,0,,2,2,1,1,0,0,,0,0,0,0,0,0,0,1,4
444,Garrett Temple,SG,36,NOP,19,0,7,0.8,1.9,0.405,0.5,1.1,0.429,0.3,0.8,0.375,0.527,0.2,0.2,0.75,0.1,0.5,0.6,0.5,0.5,0.1,0.2,0.7,2.2
445,Dalen Terry,SG,20,CHI,25,0,5.1,0.7,1.6,0.45,0.2,0.6,0.333,0.5,1,0.52,0.513,0.2,0.4,0.5,0.3,0.5,0.8,0.6,0.2,0.2,0.2,0.4,1.8
446,Daniel Theis,C,30,IND,7,1,15.6,3,6.3,0.477,0.3,1.6,0.182,2.7,4.7,0.576,0.5,0.7,1.7,0.417,1,2.1,3.1,1.3,0.3,0.9,0.4,1,7
447,Cam Thomas,SG,21,BRK,43,3,17.2,3.7,8.1,0.454,0.9,2.3,0.412,2.8,5.9,0.47,0.511,3,3.6,0.85,0.2,1.5,1.7,1.6,0.4,0.1,1,1,11.3
448,Klay Thompson,SG,32,GSW,49,49,32.7,7.9,18.4,0.428,4.4,10.8,0.408,3.5,7.7,0.456,0.548,1.9,2.1,0.892,0.7,3.3,3.9,2.4,0.7,0.3,1.7,2,22.1
449,JT Thor,PF,20,CHO,49,1,11,0.9,2.5,0.361,0.3,1.2,0.246,0.6,1.2,0.475,0.422,0.4,0.6,0.621,0.5,1.2,1.7,0.4,0.2,0.2,0.4,0.8,2.5
450,Matisse Thybulle,SG,25,TOT,53,10,13.4,1.2,2.6,0.436,0.5,1.5,0.354,0.6,1.2,0.541,0.536,0.2,0.2,0.692,0.4,1,1.5,0.6,1,0.3,0.2,1.5,3
450,Matisse Thybulle,SG,25,PHI,49,6,12.1,1,2.4,0.431,0.4,1.3,0.333,0.6,1.1,0.547,0.522,0.2,0.2,0.75,0.4,0.9,1.3,0.5,0.9,0.3,0.2,1.3,2.7
450,Matisse Thybulle,SG,25,POR,4,4,29.8,2.8,6,0.458,1.8,4,0.438,1,2,0.5,0.604,0,0.3,0,0.5,3,3.5,1.8,2.3,1,0.8,3.8,7.3
451,Xavier Tillman Sr.,PF,24,MEM,40,9,15.4,2.3,3.7,0.612,0.1,0.3,0.3,2.2,3.4,0.635,0.622,0.8,1.5,0.517,1.8,2.3,4.1,1.2,0.8,0.4,0.6,1.3,5.4
452,Isaiah Todd,PF,21,WAS,4,0,3.3,0.3,1,0.25,0,0.8,0,0.3,0.3,1,0.25,0,0,,0,0,0,0,0,0,0,0,0.5
453,Obi Toppin,PF,24,NYK,47,0,14.8,2.3,5.6,0.409,1.1,3.3,0.344,1.1,2.3,0.505,0.511,0.5,0.7,0.742,0.4,2.6,3,0.8,0.3,0.2,0.5,1,6.2
454,Juan Toscano-Anderson,SF,29,TOT,33,7,12.6,1.1,2.2,0.486,0.2,0.7,0.217,0.9,1.5,0.608,0.52,0.3,0.5,0.733,0.5,1.8,2.3,0.9,0.4,0.2,0.6,1.6,2.7
454,Juan Toscano-Anderson,SF,29,LAL,30,7,12.2,1.1,2.2,0.5,0.1,0.7,0.2,1,1.5,0.63,0.53,0.4,0.5,0.733,0.5,1.6,2,0.8,0.3,0.2,0.6,1.5,2.7
454,Juan Toscano-Anderson,SF,29,UTA,3,0,16.7,1,2.7,0.375,0.3,1,0.333,0.7,1.7,0.4,0.438,0,0,,0.7,4.3,5,1.3,0.7,0.3,1,2,2.3
455,Karl-Anthony Towns,PF,27,MIN,21,21,33.8,7.3,14.4,0.505,1.8,5.6,0.325,5.5,8.9,0.618,0.568,4.4,5,0.885,1.7,6.5,8.2,5.3,0.8,0.7,3.1,3.9,20.8
456,Gary Trent Jr.,SG,24,TOR,53,43,33.6,6.5,14.9,0.434,2.6,7.2,0.366,3.8,7.6,0.499,0.523,2.9,3.4,0.84,0.4,2.1,2.5,1.6,1.6,0.3,0.9,1.7,18.4
457,P.J. Tucker,PF,37,PHI,57,57,26.1,1.3,2.9,0.429,0.7,1.7,0.414,0.5,1.2,0.449,0.551,0.3,0.4,0.85,1.4,2.8,4.1,0.8,0.5,0.2,0.6,2.4,3.5
458,Myles Turner,C,26,IND,52,52,29.9,6.5,11.9,0.545,1.7,4.2,0.402,4.8,7.7,0.623,0.616,3.5,4.4,0.787,1.6,6.4,8,1.3,0.6,2.3,1.7,3.3,18.1
459,Stanley Umude,SG,23,DET,1,0,2,0,1,0,0,1,0,0,0,,0,2,2,1,0,0,0,0,1,1,0,0,2
460,Jonas Valan?i?nas,C,30,NOP,60,60,24.9,5.7,10.5,0.542,0.5,1.5,0.337,5.2,9,0.577,0.567,2.5,3,0.817,2.9,6.9,9.8,1.7,0.3,0.5,1.9,3.1,14.3
461,Jarred Vanderbilt,PF,23,TOT,57,44,24,3.4,5.9,0.567,0.4,1,0.339,3,4.9,0.615,0.596,1.3,1.9,0.676,2.4,5.6,7.9,2.7,1.1,0.3,1.3,2.5,8.3
461,Jarred Vanderbilt,PF,23,UTA,52,41,24.1,3.3,6,0.556,0.4,1.1,0.333,3,4.9,0.606,0.587,1.3,2,0.657,2.3,5.5,7.9,2.7,1,0.3,1.3,2.6,8.3
461,Jarred Vanderbilt,PF,23,LAL,5,3,22.4,3.6,5.2,0.692,0.2,0.4,0.5,3.4,4.8,0.708,0.712,1.2,1.2,1,3,5.8,8.8,2.4,1.6,0.2,1,1.8,8.6
462,Fred VanVleet,PG,28,TOR,50,50,36.9,6.4,16.3,0.394,3,8.7,0.344,3.4,7.6,0.451,0.486,3.8,4.3,0.893,0.5,3.8,4.3,6.6,1.6,0.6,1.9,2.9,19.7
463,Devin Vassell,SG,22,SAS,29,24,31.3,7.1,16,0.445,2.8,7,0.404,4.3,9,0.477,0.533,2.4,3,0.793,0.2,3.8,4,3.6,1.2,0.4,1.6,1.4,19.4
464,Gabe Vincent,PG,26,MIA,47,13,26.2,3.4,8.6,0.396,1.7,5.4,0.321,1.7,3.2,0.52,0.496,1.2,1.4,0.877,0.4,1.9,2.3,2.6,0.9,0.1,1.5,2.5,9.7
465,Noah Vonleh,C,27,BOS,23,1,7.4,0.5,1,0.458,0,0.2,0.25,0.4,0.9,0.5,0.479,0.1,0.1,1,0.8,1.3,2.1,0.3,0.1,0.3,0.5,1.5,1.1
466,Nikola Vu?evi?,C,32,CHI,61,61,33.9,7.3,14.1,0.514,1.6,4.6,0.349,5.7,9.5,0.595,0.571,1.6,1.9,0.822,2.1,9.4,11.5,3.3,0.7,0.8,1.7,2.2,17.8
467,Dean Wade,PF,26,CLE,34,9,20.9,1.8,4.2,0.434,1.1,2.9,0.38,0.7,1.3,0.558,0.566,0.4,0.7,0.652,0.5,3.2,3.7,0.9,0.7,0.5,0.4,2.2,5.2
468,Franz Wagner,SF,21,ORL,60,60,33.2,6.9,14.2,0.486,1.7,4.5,0.368,5.2,9.7,0.542,0.545,3.5,4.2,0.833,0.9,3.1,4,3.5,0.9,0.2,2.1,2.3,19
469,Moritz Wagner,C,25,ORL,40,14,20.9,3.6,7.4,0.493,1,3.1,0.312,2.7,4.2,0.627,0.56,2.9,3.3,0.864,1.3,3.3,4.7,1.7,0.7,0.2,1.2,2.7,11.1
470,Ish Wainright,SF,28,PHO,44,1,15.5,1.5,3.8,0.389,1,2.8,0.344,0.5,1,0.524,0.518,0.5,0.6,0.84,0.8,1.3,2.2,1,0.8,0.3,0.4,2,4.4
471,Jabari Walker,SF,20,POR,40,0,9.1,1.1,2.4,0.443,0.1,0.7,0.192,1,1.8,0.535,0.469,0.5,0.7,0.724,0.8,1.2,2.1,0.5,0.1,0.2,0.4,1,2.8
472,Kemba Walker,PG,32,DAL,9,1,16,2.7,6.3,0.421,0.8,3.1,0.25,1.9,3.2,0.586,0.482,1.9,2.3,0.81,0.3,1.4,1.8,2.1,0.2,0.2,0.4,1.2,8
473,Lonnie Walker IV,SG,24,LAL,44,32,25.9,4.7,10.3,0.454,1.7,4.7,0.369,2.9,5.6,0.524,0.538,1.8,2,0.885,0.3,1.8,2,1.3,0.6,0.3,0.9,1.4,12.8
474,John Wall,PG,32,LAC,34,3,22.2,4.1,9.9,0.408,1,3.2,0.303,3.1,6.7,0.459,0.457,2.3,3.3,0.681,0.4,2.3,2.7,5.2,0.8,0.4,2.4,1.7,11.4
475,T.J. Warren,PF-SF,29,TOT,28,0,18,3.8,7.3,0.512,0.6,1.8,0.347,3.1,5.6,0.564,0.554,1,1.2,0.818,0.5,2.3,2.8,1,0.6,0.3,0.6,1.6,9.1
475,T.J. Warren,PF,29,BRK,26,0,18.8,3.9,7.7,0.51,0.6,1.8,0.333,3.3,5.8,0.566,0.55,1,1.3,0.818,0.5,2.3,2.8,1.1,0.6,0.3,0.7,1.7,9.5
475,T.J. Warren,SF,29,PHO,2,0,7.5,1.5,2.5,0.6,0.5,0.5,1,1,2,0.5,0.7,0,0,,0.5,2,2.5,0,0.5,0,0,0.5,3.5
476,Duane Washington Jr.,SG,22,PHO,31,3,12.7,3,8.3,0.367,1.3,3.6,0.36,1.7,4.7,0.372,0.445,0.5,0.8,0.667,0.1,1.1,1.2,2,0.2,0.1,1.1,0.7,7.9
477,P.J. Washington,PF,24,CHO,60,60,32.9,5.8,13,0.444,2,5.8,0.35,3.8,7.2,0.518,0.521,1.7,2.3,0.748,1,3.7,4.8,2.4,0.9,1.1,1.4,2.7,15.3
478,TyTy Washington Jr.,PG,21,HOU,25,2,14.3,1.9,5.3,0.361,0.6,2.5,0.222,1.4,2.8,0.486,0.414,0.4,0.6,0.625,0.1,1.4,1.5,1.6,0.5,0,0.4,1.1,4.8
479,Yuta Watanabe,SF,28,BRK,44,0,17.8,2.3,4.4,0.521,1.2,2.5,0.482,1.1,1.9,0.571,0.657,0.7,0.9,0.744,0.6,1.9,2.5,0.9,0.4,0.3,0.4,1.5,6.5
480,Lindy Waters III,SG,25,OKC,25,0,11.2,1.4,3.6,0.396,1.2,3.4,0.369,0.2,0.3,0.714,0.566,0.2,0.3,0.75,0.3,1.4,1.7,0.7,0.4,0.2,0.2,0.9,4.4
481,Trendon Watford,PF,22,POR,44,2,16.4,2.1,3.7,0.578,0.4,0.8,0.485,1.8,2.9,0.602,0.627,1.1,1.6,0.714,0.6,2.7,3.3,1.7,0.3,0.1,1,1.9,5.7
482,Peyton Watson,SG,20,DEN,13,0,3.2,0.8,1.4,0.556,0.2,0.2,0.667,0.6,1.2,0.533,0.611,0,0.2,0,0.2,0.4,0.6,0.1,0,0.1,0.2,0.2,1.7
483,Blake Wesley,SG,19,SAS,17,1,13.9,1.7,4.6,0.372,0.5,1.2,0.429,1.2,3.4,0.351,0.429,0.5,0.9,0.6,0.2,1.4,1.5,1.5,0.4,0.1,1.4,1.9,4.5
484,Russell Westbrook,PG,34,TOT,54,5,28.8,5.9,13.9,0.422,1.2,4.1,0.297,4.7,9.9,0.473,0.465,3,4.5,0.664,1.1,5,6.1,7.6,1.1,0.4,3.6,2.4,15.9
484,Russell Westbrook,PG,34,LAL,52,3,28.7,5.8,14,0.417,1.2,4.1,0.296,4.6,9.9,0.467,0.46,3,4.6,0.655,1.1,5,6.2,7.5,1,0.4,3.5,2.3,15.9
484,Russell Westbrook,PG,34,LAC,2,2,32.5,6.5,11.5,0.565,1,3,0.333,5.5,8.5,0.647,0.609,3,3,1,0.5,4.5,5,9,3,0,4.5,4.5,17
485,Coby White,SG,22,CHI,53,1,22.4,3.2,7.5,0.423,1.6,4.6,0.355,1.5,2.9,0.529,0.531,0.9,1,0.836,0.2,2.5,2.7,2,0.7,0.1,0.8,1.7,8.9
486,Derrick White,SG,28,BOS,61,51,27.6,4.1,9,0.457,1.8,4.7,0.391,2.3,4.3,0.528,0.558,1.9,2.2,0.859,0.6,2.7,3.3,3.8,0.7,0.9,1.1,2.2,12
487,Jack White,SF,25,DEN,15,0,3.1,0.5,1.1,0.438,0.2,0.5,0.375,0.3,0.5,0.5,0.531,0.1,0.2,0.667,0.2,0.3,0.5,0.1,0.1,0.1,0.1,0.5,1.3
488,Joe Wieskamp,SF,23,TOR,3,0,8,1,2.7,0.375,1,2.3,0.429,0,0.3,0,0.563,0,0,,0,0.7,0.7,0.3,0,0,0.3,0.3,3
489,Aaron Wiggins,SG,24,OKC,48,12,18.5,2.4,4.8,0.504,0.7,1.7,0.398,1.8,3.1,0.564,0.575,0.8,1,0.83,1,2.1,3.1,1.4,0.5,0.2,0.8,1.6,6.4
490,Andrew Wiggins,SF,27,GSW,37,37,32.2,6.8,14.3,0.473,2.4,6.1,0.396,4.4,8.2,0.53,0.557,1.2,1.9,0.611,1.6,3.4,5,2.3,1.2,0.8,1.3,2.9,17.1
491,Alondes Williams,SG,23,BRK,1,0,5,0,0,,0,0,,0,0,,,0,0,,0,1,1,0,0,0,2,1,0
492,Grant Williams,PF,24,BOS,60,21,27.5,2.9,6.2,0.46,1.5,3.7,0.407,1.4,2.6,0.536,0.58,1.3,1.6,0.823,1.1,3.7,4.8,1.8,0.6,0.4,1.1,2.6,8.6
493,Jalen Williams,SG,21,OKC,56,43,29.2,5,9.8,0.509,0.9,2.7,0.325,4.1,7.1,0.58,0.554,1.6,2,0.763,1,3.2,4.2,2.9,1.3,0.5,1.6,2.6,12.4
494,Jaylin Williams,PF,20,OKC,28,15,16.4,2.1,4.4,0.472,0.9,1.8,0.48,1.2,2.6,0.466,0.569,0.6,1,0.667,0.8,3.8,4.6,1.5,0.4,0.2,0.7,1.9,5.6
495,Kenrich Williams,PF,28,OKC,52,10,22.6,3.3,6.5,0.516,1,2.5,0.379,2.4,3.9,0.605,0.591,0.3,0.7,0.432,1.8,3.1,4.9,2,0.8,0.3,0.6,2.1,8
496,Mark Williams,C,21,CHO,31,6,16.3,3.2,5,0.645,0,0,,3.2,5,0.645,0.645,1.5,2,0.73,1.9,4.2,6.1,0.3,0.7,1.2,0.7,2.2,7.9
497,Patrick Williams,PF,21,CHI,61,58,28.9,3.8,8.3,0.46,1.4,3.4,0.405,2.4,4.9,0.5,0.544,1.1,1.3,0.863,1,3.4,4.4,1.4,0.8,0.8,1.3,1.9,10.2
498,Robert Williams,C,25,BOS,25,15,24,4,5.3,0.75,0,0,0,4,5.2,0.756,0.75,0.6,0.9,0.652,3.2,5.5,8.7,1.6,0.5,1.1,0.9,1.8,8.5
499,Vince Williams Jr.,SG,22,MEM,9,0,5.4,0.3,1.4,0.231,0.1,1,0.111,0.2,0.4,0.5,0.269,0,0,,0.2,0.6,0.8,0.3,0.4,0.1,0.1,0.7,0.8
500,Ziaire Williams,SF,21,MEM,29,3,16.9,2.3,5.5,0.419,0.7,2.8,0.244,1.6,2.7,0.603,0.481,0.4,0.6,0.765,0.4,2,2.4,0.8,0.4,0.2,1,1.8,5.8
501,Zion Williamson,PF,22,NOP,29,29,33,9.8,16.2,0.608,0.2,0.7,0.368,9.6,15.5,0.618,0.615,6.1,8.6,0.714,2,5,7,4.6,1.1,0.6,3.4,2.2,26
502,Justise Winslow,SF,26,POR,29,11,26.8,2.8,6.8,0.409,0.5,1.6,0.311,2.3,5.3,0.438,0.444,0.7,1,0.714,1.7,3.3,5,3.4,1,0.4,1.5,3.1,6.8
503,James Wiseman,C,21,TOT,24,1,13.8,3,5.1,0.598,0,0.2,0.2,3,4.9,0.615,0.602,1.1,1.7,0.675,0.9,3.2,4.1,0.6,0.1,0.3,0.8,2,7.3
503,James Wiseman,C,21,GSW,21,0,12.5,2.8,4.5,0.628,0,0.1,0.5,2.8,4.4,0.63,0.633,1.2,1.8,0.684,0.9,2.6,3.5,0.7,0.1,0.3,0.7,1.9,6.9
503,James Wiseman,C,21,DET,3,1,22.7,4.7,9.3,0.5,0,1,0,4.7,8.3,0.56,0.5,0.3,0.7,0.5,1.3,7,8.3,0,0,0.3,1.7,3.3,9.7
504,Christian Wood,C,27,DAL,50,17,27.4,6.4,12.2,0.525,1.7,4.6,0.376,4.7,7.6,0.615,0.595,3.2,4.1,0.763,1.4,6.6,8,1.7,0.4,1.2,1.9,2.7,17.6
505,Delon Wright,PG,30,WAS,31,3,22.6,2.5,5.3,0.467,0.9,2.4,0.36,1.6,2.9,0.556,0.548,0.9,1,0.903,1.1,2.1,3.2,3.5,1.9,0.3,1,1.3,6.7
506,McKinley Wright IV,PG,24,DAL,20,1,10.3,1.2,2.5,0.469,0.2,0.7,0.286,1,1.8,0.543,0.51,0.4,0.6,0.636,0.3,1,1.3,1.9,0.4,0.2,0.6,0.9,2.9
507,Thaddeus Young,PF,34,TOR,49,9,15.5,2.1,3.8,0.562,0.1,0.6,0.161,2,3.1,0.643,0.576,0.4,0.5,0.692,1.4,1.8,3.2,1.4,1.1,0.1,0.8,1.8,4.7
508,Trae Young,PG,24,ATL,54,54,35.3,8.5,19.8,0.429,2.2,6.6,0.327,6.3,13.1,0.481,0.484,7.9,8.9,0.889,0.7,2.2,2.9,10.2,1.1,0.1,4.1,1.5,27
509,Cody Zeller,C,30,MIA,2,0,15.5,3,4.5,0.667,0,0,,3,4.5,0.667,0.667,1,1,1,2.5,1,3.5,1.5,0.5,0.5,1,3,7
510,Ivica Zubac,C,25,LAC,59,59,29.4,4,6.5,0.617,0,0,0,4,6.5,0.62,0.617,2.2,3.1,0.699,3.3,6.8,10.1,1.1,0.4,1.3,1.7,2.9,10.2
