Rk,Player,Pos,Age,Tm,G,MP,PER,TS%,3PAr,FTr,ORB%,DRB%,TRB%,AST%,STL%,BLK%,TOV%,USG%,Column1,OWS,DWS,WS,WS/48,2,OBPM,DBPM,BPM,VORP
1,Precious Achiuwa,C,23,TOR,38,884,15,0.55,0.251,0.345,9.2,23.9,16,6.4,1.3,2.8,11.5,19.2,,0.6,1,1.6,0.089,,-1.6,-0.9,-2.5,-0.1
2,Steven Adams,C,29,MEM,42,1133,17.6,0.564,0.004,0.49,19.8,25,22.4,11.3,1.5,3.7,19.8,14.4,,1.3,2.2,3.4,0.146,,-0.3,0.9,0.6,0.8
3,Bam Adebayo,C,25,MIA,56,1965,21,0.59,0.014,0.352,8.2,24.9,16.2,16.4,1.7,2.3,12.1,25.9,,2.9,3.2,6.1,0.15,,1.1,1,2.1,2
4,Ochai Agbaji,SG,22,UTA,39,610,9.2,0.614,0.611,0.148,4.9,7.4,6.2,4.8,0.5,0.7,7.6,11.8,,0.8,0.2,1,0.075,,-1.3,-1.3,-2.6,-0.1
5,Santi Aldama,PF,22,MEM,56,1232,14.6,0.599,0.533,0.273,4.9,17.2,11.1,7.4,1.5,2.8,8.5,16,,1.8,2,3.7,0.146,,0.1,1.3,1.4,1
6,Nickeil Alexander-Walker,SG,24,TOT,40,580,12.9,0.598,0.5,0.206,1.9,10.6,6.3,18.7,2.1,2.3,18.8,18.9,,0.3,0.5,0.8,0.067,,-0.7,0.8,0.1,0.3
6,Nickeil Alexander-Walker,SG,24,UTA,36,528,13.2,0.609,0.512,0.229,1.7,10.4,6.1,20,2.2,2.2,19.4,18.4,,0.4,0.5,0.8,0.077,,-0.5,1,0.5,0.3
6,Nickeil Alexander-Walker,SG,24,MIN,4,52,9.4,0.511,0.417,0.042,4.4,12.6,8.6,5.5,0.9,3.4,14.1,23.3,,-0.1,0,0,-0.039,,-2.7,-1.7,-4.4,0
7,Grayson Allen,SG,27,MIL,56,1546,12.4,0.614,0.638,0.244,3.3,9.1,6.3,11.7,1.4,0.5,11.4,14.8,,2.3,1.9,4.2,0.129,,-0.5,0.7,0.1,0.8
8,Jarrett Allen,C,24,CLE,57,1890,20.2,0.679,0.017,0.355,11.6,23.6,17.7,7.5,1.2,3.3,11.9,16.7,,4.8,3.3,8.1,0.207,,1.5,0.9,2.4,2.1
9,Jose Alvarado,PG,24,NOP,60,1295,11.9,0.525,0.506,0.166,2.2,9.8,6,20,2.5,0.7,13.4,19.6,,0.2,1.5,1.7,0.064,,-1.9,0.5,-1.4,0.2
10,Kyle Anderson,PF,29,MIN,50,1311,14.6,0.593,0.226,0.35,3.4,17,10.3,20.5,2.1,2.9,16.4,14.1,,1.6,1.8,3.4,0.124,,-0.1,2.3,2.2,1.4
11,Giannis Antetokounmpo,PF,28,MIL,48,1561,28.4,0.595,0.142,0.615,7.5,29.9,19.1,31.7,1.1,1.9,12.9,39,,3.5,3,6.5,0.2,,5.5,2.6,8,4
12,Thanasis Antetokounmpo,SF,30,MIL,26,106,2.2,0.298,0.2,0.4,9.1,16,12.7,4.6,0.9,2.3,22.9,12.1,,-0.3,0.2,-0.1,-0.046,,-8.9,-0.9,-9.7,-0.2
13,Cole Anthony,PG,22,ORL,41,1012,15.9,0.558,0.339,0.303,2.8,18.1,10.5,25.3,1.1,2.5,12.2,21.4,,1.3,1.1,2.4,0.112,,0.8,0.7,1.5,0.9
14,OG Anunoby,SF,25,TOR,48,1716,13.8,0.557,0.384,0.213,4.2,13.4,8.5,8.2,2.8,2.1,12.8,20,,0.5,2.1,2.5,0.071,,-1.2,0.7,-0.6,0.6
15,Ryan Arcidiacono,PG,28,TOT,14,69,4.6,0.429,0.643,0,0,16.3,8.2,14.7,1.4,0,17.6,10.7,,0,0.1,0,0.004,,-6.7,-0.7,-7.4,-0.1
15,Ryan Arcidiacono,PG,28,NYK,11,26,3.2,0.3,0.6,0,0,16.6,8.3,9.5,3.8,0,16.7,9.9,,0,0,0,-0.009,,-9,3.8,-5.2,0
15,Ryan Arcidiacono,PG,28,POR,3,43,5.5,0.5,0.667,0,0,16.1,8.1,17.9,0,0,18.2,11.2,,0,0,0,0.012,,-5.3,-3.5,-8.8,-0.1
16,Deni Avdija,SF,22,WAS,58,1526,11.6,0.54,0.411,0.299,4.6,21,13.1,13,1.7,1.5,14.8,16.3,,0.3,1.9,2.2,0.07,,-2.6,0.7,-1.9,0.1
17,Deandre Ayton,C,24,PHO,53,1606,21.1,0.617,0.031,0.22,10,27.4,18.5,10.9,0.9,2.3,11.2,24,,2.8,2.3,5.2,0.155,,1.6,0,1.6,1.5
18,Udoka Azubuike,C,23,UTA,25,145,17.1,0.81,0,0.222,11.4,29,20.3,5.8,1.3,3.4,25.2,11.5,,0.2,0.2,0.4,0.137,,-0.5,0.7,0.2,0.1
19,Marvin Bagley III,C,23,DET,26,560,18,0.58,0.159,0.273,12.1,20.9,16.4,4.1,1.1,3,8.5,20.4,,0.8,0.4,1.2,0.105,,0.5,-1.1,-0.6,0.2
20,Patrick Baldwin Jr.,SF,20,GSW,19,168,15.2,0.635,0.775,0.075,0.7,18.1,9.5,3.5,1.7,0.5,8.8,22.6,,0.1,0.2,0.3,0.072,,2.7,-1.2,1.5,0.1
21,LaMelo Ball,PG,21,CHO,35,1247,18,0.536,0.528,0.17,3.4,16.1,9.5,37.9,1.7,0.8,13.9,29.7,,0.7,1.1,1.8,0.067,,3.2,-1.1,2.1,1.3
22,Mo Bamba,C,24,TOT,43,725,15.9,0.601,0.515,0.26,7.7,24.3,16,8.9,0.8,5.4,9,16.5,,1.1,1,2.1,0.141,,0,0.8,0.7,0.5
22,Mo Bamba,C,24,ORL,40,681,16.5,0.613,0.505,0.238,7.8,22.8,15.3,9.2,0.9,5.4,8.5,16.4,,1.2,0.9,2.1,0.151,,0.5,0.8,1.3,0.6
22,Mo Bamba,C,24,LAL,3,44,6.7,0.424,0.692,0.615,5,46.7,26.6,5.7,0,5.8,15.4,18.7,,-0.1,0.1,0,-0.009,,-8.8,0.7,-8.1,-0.1
23,Paolo Banchero,PF,20,ORL,54,1819,14.9,0.526,0.264,0.489,3.9,18.3,11.1,16.6,1.3,1.4,12.5,27.5,,-0.1,1.9,1.8,0.047,,-0.8,-0.8,-1.6,0.2
24,Desmond Bane,SG,24,MEM,37,1150,19.1,0.599,0.446,0.226,2.5,14.3,8.4,20.1,1.5,1.1,11,26.3,,2.1,1.6,3.7,0.155,,3.5,0.4,3.9,1.7
25,Dalano Banton,PG,23,TOR,27,251,13.9,0.499,0.411,0.17,3.8,13.1,8.1,17.2,2.6,4.7,11.7,23.1,,-0.1,0.3,0.3,0.052,,-1.9,0.7,-1.3,0
26,Dominick Barlow,SF,19,SAS,11,111,12.2,0.609,0.154,0.385,13.4,14.6,14,8.3,0.9,1.5,16.5,13.6,,0.2,0,0.2,0.082,,-3.4,-1.7,-5.1,-0.1
27,Harrison Barnes,PF,30,SAC,60,1958,13.9,0.626,0.46,0.509,3.6,12.6,8.2,6.6,1.1,0.4,8.7,16.9,,3.5,1.2,4.6,0.113,,0.3,-1.3,-1,0.5
28,Scottie Barnes,PF,21,TOR,59,2081,15.6,0.527,0.234,0.254,6.9,16.3,11.3,20,1.4,2.4,12.2,20.2,,1.8,2,3.8,0.088,,0.6,-0.3,0.4,1.2
29,RJ Barrett,SG,22,NYK,55,1885,13.2,0.534,0.339,0.332,2.7,13.5,8.1,12.8,0.7,0.5,10.9,25.9,,0.6,1.4,2.1,0.053,,-0.9,-1.7,-2.6,-0.3
30,Will Barton,SG,32,WAS,40,782,10.1,0.505,0.482,0.158,1.5,13.7,7.9,16.7,1.1,1.1,12.9,19.4,,-0.3,0.6,0.3,0.02,,-1.6,-0.9,-2.5,-0.1
31,Charles Bassey,C,22,SAS,28,388,18.6,0.668,0.074,0.305,16.2,28.3,22,12.3,1.5,5.1,22.9,14.9,,0.6,0.4,1,0.121,,-0.8,0.9,0.1,0.2
32,Keita Bates-Diop,SF,27,SAS,47,966,13.2,0.579,0.258,0.288,5.1,13.6,9.2,8,1.6,1.1,9.9,16,,0.9,0.3,1.2,0.061,,-0.8,-1.1,-1.9,0
33,Nicolas Batum,PF,34,LAC,59,1297,11.3,0.585,0.815,0.141,4.6,16.9,10.8,9.2,1.4,2.8,11.3,12,,1.2,1.5,2.7,0.101,,-0.9,1.3,0.4,0.8
34,Darius Bazley,PF,22,OKC,36,555,13,0.525,0.285,0.411,5.5,18.3,11.8,7.5,1.6,4.8,10.5,15.7,,0.2,0.8,0.9,0.08,,-1.7,0.7,-1,0.1
35,Bradley Beal,SG,29,WAS,38,1255,20.2,0.606,0.274,0.263,2.9,8.9,6,26.6,1.3,1.7,13.1,28.4,,2.1,1,3,0.116,,3.5,-1.2,2.3,1.4
36,Malik Beasley,SG,26,TOT,60,1593,11.6,0.533,0.707,0.064,1.9,12.4,7.2,9.1,1.6,0.4,8.2,21.6,,0.2,1.1,1.4,0.041,,-0.5,-1.1,-1.6,0.2
36,Malik Beasley,SG,26,UTA,55,1472,11.7,0.535,0.704,0.066,2,12.5,7.3,9.1,1.4,0.4,8,21.3,,0.4,1,1.4,0.044,,-0.3,-1.3,-1.6,0.2
36,Malik Beasley,SG,26,LAL,5,121,11.2,0.513,0.734,0.047,0,11,5.7,9.7,3.5,0,9.7,25.2,,-0.2,0.2,0,-0.001,,-2.9,1.5,-1.4,0
37,MarJon Beauchamp,SF,22,MIL,39,568,8.4,0.51,0.589,0.144,6.4,10.2,8.4,6.3,1.5,0.6,14.4,18.6,,-0.3,0.7,0.4,0.033,,-4.1,-0.5,-4.6,-0.4
38,D?vis Bert?ns,PF,30,DAL,34,360,9.9,0.606,0.874,0.108,1.9,8.6,5.2,4.9,1,0.8,7.2,15.8,,0.3,0.2,0.5,0.067,,-1,-1.8,-2.8,-0.1
39,Patrick Beverley,PG,34,TOT,47,1259,8.2,0.542,0.659,0.221,2.3,10.2,6.4,12.1,1.5,1.8,13.9,10.6,,0.5,1.2,1.7,0.063,,-3.4,1.3,-2.1,0
39,Patrick Beverley,PG,34,LAL,45,1211,8.4,0.548,0.656,0.207,2.2,9.9,6.1,12,1.6,1.7,13.8,10.6,,0.5,1.1,1.7,0.065,,-3.3,1.3,-2,0
39,Patrick Beverley,PG,34,CHI,2,48,4.9,0.392,0.75,0.625,4.8,18.4,11.7,12.5,0,2,16.4,11.1,,0,0,0,0.011,,-6,1.6,-4.5,0
40,Saddiq Bey,SF,23,TOT,56,1599,14.3,0.557,0.489,0.334,4.3,13.9,9,8.2,1.6,0.7,7.4,20.8,,1.7,0.8,2.5,0.076,,0.5,-1.3,-0.7,0.5
40,Saddiq Bey,SF,23,DET,52,1500,14.4,0.552,0.483,0.345,4.2,13.9,8.9,8.5,1.6,0.7,7.2,21.2,,1.6,0.8,2.3,0.075,,0.5,-1.2,-0.7,0.5
40,Saddiq Bey,SF,23,ATL,4,99,12.4,0.665,0.607,0.107,5.4,14.4,9.9,2.6,1,0.9,12,14.2,,0.1,0.1,0.2,0.097,,0.9,-2.2,-1.2,0
41,Khem Birch,C,30,TOR,20,162,9.5,0.629,0.063,0.156,5.2,12.8,8.7,5.9,1.5,3,19,11.1,,0.1,0.2,0.2,0.07,,-4.6,0.9,-3.6,-0.1
42,Goga Bitadze,C,23,TOT,22,211,14.9,0.568,0.273,0.455,13.6,15.2,14.4,12.6,2,4.2,15.4,15.5,,0.2,0.2,0.5,0.109,,-1.7,1.3,-0.4,0.1
42,Goga Bitadze,C,23,IND,21,202,14,0.551,0.269,0.462,13.6,13.1,13.4,12.3,2.1,4.4,16.1,15.5,,0.2,0.2,0.4,0.094,,-2.3,1.2,-1.1,0
42,Goga Bitadze,C,23,ORL,1,9,34.7,0.872,0.333,0.333,12.6,63,37.8,18.3,0,0,0,16.5,,0.1,0,0.1,0.45,,12.3,3.6,15.9,0
43,Bismack Biyombo,C,30,PHO,46,642,12.4,0.542,0,0.37,8.6,24,16.1,9.1,1.1,8.2,21.1,13.5,,-0.2,1.2,1,0.074,,-4.5,2.8,-1.8,0
44,Buddy Boeheim,PG,23,DET,1,1,0,,,,0,0,0,0,0,0,,0,,0,0,0,-0.017,,-8.1,-1.8,-9.9,0
45,Bogdan Bogdanovi?,SG,30,ATL,36,1065,13.8,0.565,0.572,0.113,1.4,11.1,6.2,13.9,1.4,1,8.8,20.3,,0.9,0.8,1.7,0.076,,0.5,-0.7,-0.2,0.5
46,Bojan Bogdanovi?,PF,33,DET,58,1853,17.3,0.624,0.396,0.347,2,11.2,6.5,13.5,0.9,0.3,11.8,25.7,,3.1,0.4,3.5,0.089,,2.4,-1.9,0.6,1.2
47,Bol Bol,PF,23,ORL,56,1289,15.4,0.632,0.211,0.225,5.6,24.5,15.1,5.6,0.9,5.7,18.1,18.3,,0.4,1.8,2.2,0.082,,-1.3,0.7,-0.6,0.5
48,Leandro Bolmaro,SG,22,UTA,14,68,-5,0.15,0.2,0,6.5,4.8,5.6,12.4,2.1,1.2,25.9,16.6,,-0.4,0,-0.3,-0.23,,-12.5,-2.4,-14.9,-0.2
49,Devin Booker,SG,26,PHO,35,1192,20.9,0.578,0.307,0.313,2.5,12.6,7.4,28.7,1.2,0.9,10,31.8,,2.3,1.2,3.5,0.141,,4,-0.6,3.4,1.6
50,Brandon Boston Jr.,SG,21,LAC,21,247,13.7,0.519,0.24,0.314,3.2,9.9,6.6,12.2,1.8,0,8,26.5,,0,0.2,0.2,0.045,,-1.5,-0.6,-2.2,0
51,Chris Boucher,PF,30,TOR,56,1163,18.4,0.585,0.357,0.354,11.3,21.5,16,3,1.6,4,5.9,18,,2.4,1.4,3.8,0.158,,0.8,-0.8,0,0.6
52,James Bouknight,SG,22,CHO,26,354,5.6,0.421,0.525,0.18,1.4,14.2,7.6,10.5,1.7,1,12.6,17.7,,-0.6,0.3,-0.4,-0.049,,-6.2,-0.4,-6.6,-0.4
53,Jamaree Bouyea,PG,23,MIA,4,65,7.8,0.54,0.385,0.154,1.7,7.4,4.4,8.6,3.1,3.1,22.4,12.1,,-0.1,0.1,0,0.036,,-5,2,-3,0
54,Tony Bradley,C,25,CHI,12,33,21.7,0.69,0.417,0.333,3.5,33.4,18.7,4.4,1.5,2.9,6.8,19.6,,0.1,0.1,0.2,0.221,,4.4,0.4,4.8,0.1
55,Malaki Branham,SF,19,SAS,47,1055,9.8,0.535,0.443,0.122,1.9,9.3,5.5,12.2,1.1,0.5,10.9,18.3,,0,0,0.1,0.004,,-2.5,-2.2,-4.7,-0.7
56,Christian Braun,SG,21,DEN,57,864,9.9,0.571,0.32,0.205,5.4,12.4,9,6.4,1.5,1.1,10.7,12.3,,0.6,0.8,1.4,0.078,,-2.3,-0.2,-2.5,-0.1
57,Mikal Bridges,SF,26,TOT,61,2203,15.6,0.581,0.34,0.236,3.1,10.8,6.9,14.3,1.6,2,8.6,19.7,,3.3,2.4,5.7,0.124,,0.9,0.5,1.3,1.9
57,Mikal Bridges,SF,26,PHO,56,2040,15,0.574,0.342,0.228,3,10.4,6.6,14.3,1.6,2,8.5,19.2,,2.9,2.2,5.1,0.119,,0.5,0.5,1.1,1.6
57,Mikal Bridges,SF,26,BRK,5,163,23,0.647,0.329,0.316,5.1,15.5,10.5,13.5,1.8,2.6,9.4,26.2,,0.4,0.2,0.6,0.177,,5,-0.3,4.8,0.3
58,Oshae Brissett,SF,24,IND,49,786,10.5,0.524,0.534,0.402,6.2,17.1,11.6,4.4,1.7,0.9,7.5,14.9,,0.3,0.7,1,0.062,,-1.9,-0.5,-2.4,-0.1
59,Malcolm Brogdon,PG,30,BOS,52,1321,18.7,0.627,0.42,0.258,2.9,15.3,9.2,22.2,1.2,1,12,22.9,,2.9,1.5,4.5,0.163,,2.8,0.2,3,1.7
60,Dillon Brooks,SF,27,MEM,54,1641,9.1,0.485,0.408,0.161,2.2,9.1,5.7,11.7,1.3,0.5,9.1,22.4,,-0.7,1.8,1.1,0.032,,-3.7,-0.6,-4.3,-1
61,Bruce Brown,SG,26,DEN,61,1746,12.8,0.575,0.38,0.164,2.9,12.7,7.9,16.5,1.8,1.9,14.3,17,,1.3,1.9,3.2,0.087,,-1,0.4,-0.6,0.6
62,Greg Brown III,PF,21,POR,16,93,5.9,0.421,0.25,0.429,2.5,21,11.9,4.4,2.1,4.7,15.3,18.4,,-0.2,0.1,-0.1,-0.062,,-8.3,0,-8.2,-0.1
63,Jaylen Brown,SF,26,BOS,50,1787,19.2,0.584,0.369,0.27,3.9,17.5,10.8,15.4,1.6,1.1,11.9,31.6,,1.3,2.4,3.6,0.098,,1.5,-0.5,1.1,1.4
64,Kendall Brown,SG,19,IND,6,40,9.2,0.571,0.143,0.286,5.5,11,8.3,9.9,4.8,0,20.2,10.3,,0,0.1,0.1,0.077,,-7,4.1,-2.9,0
65,Moses Brown,C,23,LAC,34,288,23,0.607,0,0.75,22.3,31.7,27,2.2,0.5,4.4,9.9,21.5,,0.7,0.4,1.1,0.189,,0.9,-1.3,-0.4,0.1
66,Sterling Brown,SG,27,LAL,4,24,7,0,0.5,0,13.7,21.4,17.7,9.4,5.9,0,0,7,,0,0.1,0,0.035,,-8.5,5.1,-3.3,0
67,Troy Brown Jr.,SF,23,LAL,55,1317,9.4,0.557,0.575,0.081,4.2,14.3,9.4,5.7,1.5,0.5,10,12.2,,0.5,1.2,1.8,0.065,,-2.2,0.4,-1.8,0.1
68,Jalen Brunson,PG,26,NYK,58,2036,21,0.587,0.262,0.331,2,9.1,5.5,29.1,1.3,0.7,9.2,27.1,,5.8,1.6,7.4,0.174,,4.3,-0.4,3.8,3
69,Thomas Bryant,C,25,TOT,47,950,20.6,0.697,0.158,0.37,8.8,24.9,17.1,4.6,0.7,2.3,8.3,18.2,,2.6,1.2,3.8,0.193,,1.6,-0.5,1.1,0.8
69,Thomas Bryant,C,25,LAL,41,876,21.6,0.712,0.166,0.359,8.4,24.9,16.9,5,0.8,2.2,7.4,18.1,,2.7,1.1,3.8,0.208,,2.3,-0.3,2,0.9
69,Thomas Bryant,C,25,DEN,6,74,9.3,0.503,0.048,0.524,12.9,24.4,18.8,0,0.7,3.6,18.8,18.7,,-0.1,0.1,0,0.015,,-7,-2.6,-9.6,-0.1
70,Reggie Bullock,SF,31,DAL,60,1819,7.5,0.565,0.846,0.1,1.8,12,6.8,6.2,1.3,0.6,7.4,9.8,,0.9,1.2,2.2,0.058,,-2.4,-0.1,-2.5,-0.2
71,Alec Burks,SG,31,DET,48,1051,16.7,0.609,0.508,0.412,1.8,13.6,7.6,15.9,1.6,0.6,9.7,22.4,,2,0.5,2.5,0.114,,1.8,-0.6,1.3,0.9
72,Deonte Burton,SG,29,SAC,2,6,-12.6,0,0.5,0,0,0,0,0,0,0,0,14.3,,0,0,0,-0.347,,-14.8,-10,-24.7,0
73,Jimmy Butler,SF,33,MIA,46,1537,25.6,0.622,0.12,0.588,7.1,13.3,10,25.4,2.9,1.1,8.9,25.5,,5.5,2.4,7.8,0.245,,5.4,2,7.5,3.7
74,John Butler,C,20,POR,9,30,4.6,0.2,0.8,0,3.9,3.8,3.9,4.1,1.6,8.8,0,7.3,,0,0,0,-0.021,,-5.8,0.2,-5.6,0
75,Jamal Cain,SF,23,MIA,14,186,14,0.579,0.24,0.32,7.1,17.5,12.1,7.3,2.1,0,6.6,14.5,,0.3,0.3,0.5,0.135,,-2.1,1.4,-0.7,0.1
76,Kentavious Caldwell-Pope,SG,29,DEN,59,1857,12.1,0.622,0.504,0.19,1.9,8.7,5.4,9.4,2.2,1.3,11.7,14.3,,1.9,1.9,3.8,0.099,,-1,0.5,-0.5,0.7
77,Facundo Campazzo,PG,31,DAL,8,52,7.9,0.36,0.846,0.154,0,4.6,2.3,23,5.8,0,17.8,14.7,,-0.1,0.1,0,-0.006,,-4.7,3.6,-1.1,0
78,Vlatko ?an?ar,PF,25,DEN,47,767,11.6,0.628,0.487,0.156,3.4,12.9,8.3,11.7,1.1,1.4,13.1,13.8,,1,0.7,1.7,0.104,,-1.1,-0.3,-1.3,0.1
79,Clint Capela,C,28,ATL,45,1197,21.8,0.628,0.003,0.22,17,28.8,22.9,4.4,1.2,4,7.9,16.4,,3.1,1.7,4.9,0.195,,2,-0.3,1.6,1.1
80,Vernon Carey Jr.,C,21,WAS,11,28,10.8,0.338,0,0.25,12.4,30.4,21.8,13.5,3.5,6,18.4,16.9,,-0.1,0.1,0,0.02,,-6.9,2.1,-4.9,0
81,Jevon Carter,PG,27,MIL,60,1364,10.8,0.551,0.58,0.08,2,9.8,6,15,2.1,1.5,13.4,14.7,,0.7,2,2.7,0.095,,-2.3,1.9,-0.4,0.5
82,Wendell Carter Jr.,C,23,ORL,41,1223,16.6,0.61,0.331,0.347,8.2,24.8,16.5,13.4,0.6,1.9,14.9,21.1,,1.5,1.3,2.9,0.112,,0.3,-0.1,0.2,0.7
83,Alex Caruso,PG,28,CHI,51,1236,11.4,0.577,0.516,0.267,2.9,11.5,7.3,16.4,3.3,2.5,20.9,10.9,,0.6,2.1,2.7,0.106,,-2.5,3.7,1.3,1
84,Julian Champagnie,SF,21,PHI,2,7,-3.8,0,0.5,0,0,0,0,0,7,0,0,12.7,,0,0,0,-0.214,,-12.2,-1.4,-13.6,0
85,Justin Champagnie,SF,21,TOR,3,11,29,1,0,0,9.6,33.2,20.5,15.6,0,0,0,11.6,,0.1,0,0.1,0.331,,6.1,1.7,7.9,0
86,Kennedy Chandler,PG,20,MEM,25,226,10.1,0.419,0.206,0.162,3.3,11.1,7.2,26.7,2.3,2,18,16.1,,-0.2,0.3,0.2,0.033,,-3.6,1.3,-2.3,0
87,Max Christie,SG,19,LAL,35,498,7.4,0.573,0.602,0.155,1.5,13.8,7.9,4.8,0.8,1.2,10.6,10.4,,0.1,0.4,0.5,0.053,,-3.1,-0.2,-3.3,-0.2
88,Josh Christopher,SG,21,HOU,42,438,10.5,0.523,0.278,0.21,2.7,8.8,5.7,13.5,1.9,2,16.5,21.7,,-0.4,0.2,-0.2,-0.017,,-3.5,-1.4,-4.9,-0.3
89,Brandon Clarke,PF,26,MEM,53,1054,20.2,0.686,0.018,0.392,8.7,20.8,14.8,9.4,1.5,3.2,12.2,17.6,,2.7,1.8,4.5,0.204,,0.8,1.9,2.7,1.3
90,Jordan Clarkson,SG,30,UTA,60,1954,14.9,0.559,0.447,0.233,3.9,9.5,6.7,20.5,0.8,0.5,14,28,,1.2,0.8,2,0.048,,1,-2.5,-1.4,0.3
91,Nic Claxton,C,23,BRK,56,1644,21.1,0.693,0.005,0.435,10,24.4,17.5,8.2,1.4,7.5,12.2,15.8,,3.9,2.8,6.6,0.193,,0.9,1.8,2.7,2
92,Amir Coffey,SG,25,LAC,41,571,7.6,0.502,0.272,0.404,3.2,6.8,5,11.5,0.6,0.5,9.6,13.6,,0.2,0.3,0.5,0.044,,-4.2,-0.6,-4.8,-0.4
93,John Collins,PF,25,ATL,51,1581,13.6,0.585,0.315,0.246,3.9,20.9,12.3,5.3,1,3.4,9.7,17.1,,1.3,1.8,3.1,0.093,,-1.8,0.5,-1.3,0.3
94,Zach Collins,C,25,SAS,50,1069,15.7,0.605,0.238,0.283,8.9,22.8,15.5,17.4,1,2.5,18.3,19.9,,1,0.6,1.6,0.071,,-1.1,-0.1,-1.2,0.2
95,Mike Conley,PG,35,TOT,48,1432,13.7,0.549,0.572,0.243,1.5,7.4,4.5,33,1.7,0.6,15,15.9,,2.5,0.9,3.4,0.113,,0.5,-0.5,-0.1,0.7
95,Mike Conley,PG,35,UTA,43,1276,14.1,0.552,0.568,0.256,1.5,7.6,4.6,34.2,1.7,0.6,15.1,16.1,,2.4,0.7,3.1,0.118,,0.7,-0.6,0.2,0.7
95,Mike Conley,PG,35,MIN,5,156,10.6,0.521,0.61,0.122,2.2,5.6,3.9,22.9,1.8,0.6,13.9,13.7,,0.1,0.1,0.2,0.073,,-1.8,-0.1,-1.9,0
96,Pat Connaughton,SG,30,MIL,42,1056,10.3,0.53,0.767,0.088,3.6,16.6,10.3,6.7,1.4,0.5,7,14.1,,0.5,1.5,2,0.09,,-1.2,0.4,-0.8,0.3
97,Robert Covington,PF,32,LAC,36,584,13.1,0.535,0.618,0.2,4.8,20.6,12.8,10.9,2.1,4.3,11.1,15.6,,0.3,0.9,1.2,0.1,,-1.3,2.3,1.1,0.5
98,Torrey Craig,SF,32,PHO,59,1524,11.6,0.563,0.488,0.095,8.7,16.4,12.5,8.3,1.3,2.2,12.9,13,,1.2,1.8,3.1,0.097,,-1.3,0.4,-0.8,0.4
99,Jae Crowder,SF,32,MIL,2,41,13.6,0.82,0.625,0.5,2.6,12.2,7.6,6.6,2.3,0,17,12.1,,0.1,0.1,0.1,0.162,,0.3,3.8,4.2,0.1
100,Jarrett Culver,SG,23,ATL,10,137,9.6,0.452,0.279,0.302,7.9,22.4,15.1,5.6,2.1,1.3,12.6,17.2,,-0.1,0.2,0,0.017,,-4.8,0.6,-4.2,-0.1
101,Cade Cunningham,PG,21,DET,12,400,14.1,0.492,0.272,0.192,3.2,17.6,10.2,30.6,1.2,1.5,13.8,29.9,,-0.4,0.2,-0.1,-0.016,,-0.1,-0.7,-0.7,0.1
102,Seth Curry,SG,32,BRK,42,942,12.6,0.602,0.526,0.101,1.5,7.8,4.8,12.8,1.3,0.6,10.9,19.2,,0.8,0.6,1.4,0.07,,-0.7,-1.4,-2.1,0
103,Stephen Curry,PG,34,GSW,38,1313,24.9,0.665,0.577,0.274,1.9,18.1,10.1,30.8,1.3,1,12.7,30.8,,4.2,1.3,5.5,0.201,,7.8,0.4,8.3,3.4
104,Dyson Daniels,PG,19,NOP,40,782,9.4,0.525,0.387,0.187,4,15.9,9.9,16,2.1,1.2,20.4,11.4,,0.1,1,1.1,0.065,,-3.1,1.5,-1.5,0.1
105,Anthony Davis,C,29,LAL,37,1230,28.4,0.629,0.085,0.427,10.8,28.2,19.8,12.7,1.6,5.2,9.1,28.5,,3.7,2.2,5.8,0.228,,4.7,1.8,6.5,2.6
106,Johnny Davis,SG,20,WAS,13,62,2,0.414,0.222,0.167,1.9,12,7.2,4.2,0.8,1.4,9.4,15,,-0.1,0,0,-0.038,,-9.8,-1.4,-11.2,-0.1
107,Terence Davis,SG,25,SAC,47,652,14.9,0.592,0.645,0.127,3.2,16.8,10.1,12.7,2.6,1.6,12.9,22,,0.4,0.8,1.2,0.088,,-0.3,0.4,0.1,0.3
108,JD Davison,PG,20,BOS,6,14,-2.1,0.25,0.375,0,0,15.5,7.9,9.9,3.5,0,11.1,28.1,,-0.1,0,-0.1,-0.288,,-16.3,-3,-19.3,-0.1
109,Darius Days,PF,23,HOU,4,25,18.3,0.582,0.833,0.167,4.3,22,13.1,6.4,0,3.9,0,21.3,,0.1,0,0.1,0.155,,4.6,-1.4,3.2,0
110,Dewayne Dedmon,C,33,MIA,30,350,15.6,0.576,0.287,0.341,8.8,27.9,17.9,7.3,1,4.1,11.4,21.1,,0.3,0.6,0.9,0.122,,-2.5,0.6,-1.9,0
111,Matthew Dellavedova,PG,32,SAC,25,148,8.3,0.469,0.485,0.152,0.8,6.2,3.5,27.2,1.9,0,18.5,12.5,,0.1,0.1,0.1,0.046,,-2.9,-0.2,-3.1,0
112,DeMar DeRozan,SF,33,CHI,55,1988,20.9,0.596,0.089,0.41,1.3,12.7,7.1,22.6,1.3,1.4,9.4,28.3,,4.2,2.2,6.5,0.156,,1.9,0.2,2.1,2
113,Moussa Diabaté,PF,21,LAC,18,172,14.2,0.563,0.05,0.4,19,10.4,14.7,2.4,1.4,3.1,16.1,14.3,,0.2,0.2,0.4,0.105,,-1.6,-1.2,-2.8,0
114,Mamadi Diakite,PF,26,CLE,16,98,5.6,0.5,0.577,0,3.7,10.7,7.2,2.8,1,5.6,18.8,14.6,,-0.1,0.2,0,0.006,,-5.9,1.8,-4.1,-0.1
115,Hamidou Diallo,SG,24,DET,52,881,15.9,0.599,0.056,0.404,6.1,16.1,11,9,2.6,1.5,14,21.3,,0.5,0.8,1.3,0.071,,-1.8,0.5,-1.2,0.2
116,Gorgui Dieng,C,33,SAS,21,201,10.5,0.503,0.694,0.097,9.5,21.3,15.2,18.7,0.5,2.9,19.8,16.6,,0,0.1,0.1,0.015,,-2.8,-0.4,-3.3,-0.1
117,Ousmane Dieng,SF,19,OKC,19,284,8.3,0.499,0.584,0.065,3,15.8,9.2,11.7,0.8,1.9,13.2,13.4,,0,0.3,0.2,0.037,,-3.3,-0.2,-3.5,-0.1
118,Spencer Dinwiddie,PG,29,TOT,59,2012,16,0.592,0.49,0.31,1.1,9.8,5.4,24.1,1.1,0.7,10.5,21.9,,3.7,1.2,4.9,0.117,,1.7,-1.2,0.6,1.3
118,Spencer Dinwiddie,PG,29,DAL,53,1808,16.4,0.599,0.491,0.298,1.2,9.5,5.3,24.2,1.1,0.8,10.3,22,,3.6,1,4.6,0.123,,2.1,-1.2,1,1.4
118,Spencer Dinwiddie,PG,29,BRK,6,204,12.7,0.531,0.473,0.419,0.6,11.8,6.4,22.6,1.4,0,12,21.8,,0.1,0.1,0.3,0.064,,-1.7,-1.2,-3,0
119,Donte DiVincenzo,SG,26,GSW,51,1307,12.8,0.599,0.701,0.118,3.8,14,9,17,2.5,0.4,16.2,15.1,,1.2,1.5,2.7,0.1,,-0.7,1.3,0.6,0.9
120,Luka Don?i?,PG,23,DAL,52,1893,30,0.614,0.353,0.497,2.7,26.1,14.2,44.1,2.1,1.2,11.9,38.1,,6.4,2.5,8.9,0.226,,8.1,1.9,10,5.7
121,Tyler Dorsey,SG,26,DAL,3,8,46.2,0.9,0.4,0,14.4,15,14.7,0,0,0,0,28.3,,0.1,0,0.1,0.374,,16.6,1.5,18.2,0
122,Luguentz Dort,SG,23,OKC,53,1598,12.1,0.528,0.454,0.292,5.3,10.4,7.8,10,1.6,0.9,9.1,20.3,,0.9,1.4,2.3,0.069,,-1.7,-0.8,-2.5,-0.2
123,Ayo Dosunmu,SG,23,CHI,59,1667,10.1,0.57,0.333,0.148,2.7,9.4,6.2,13.3,1.2,1.1,14.4,14.8,,0.7,1.7,2.3,0.067,,-2.9,0.3,-2.6,-0.2
124,Devon Dotson,PG,23,WAS,6,53,4.9,0.15,0.4,0,13.1,8,10.5,17.8,4.6,0,23.1,10.7,,-0.1,0.1,0,-0.019,,-7.1,1.9,-5.2,0
125,Jeff Dowtin,PG,25,TOR,18,159,9.3,0.492,0.256,0.093,4,8.4,6,14.6,1.2,0.6,10,13.3,,0.1,0.1,0.2,0.046,,-3.1,0,-3.2,0
126,PJ Dozier,SG,26,SAC,4,10,32.5,0.833,0.667,0,0,22.8,11.6,0,14.3,0,0,12.9,,0,0,0.1,0.33,,3.5,14.9,18.4,0.1
127,Goran Dragi?,PG,36,CHI,51,787,10.3,0.514,0.428,0.137,1.9,7.8,4.9,24.7,0.7,0.5,15,20.8,,-0.2,0.6,0.4,0.025,,-2.1,-1.7,-3.8,-0.4
128,Andre Drummond,C,29,CHI,48,623,21.7,0.619,0.01,0.438,19.2,38.5,29.1,6.5,2.6,2.4,18,21.5,,0.8,1.4,2.2,0.17,,-0.5,0.3,-0.2,0.3
129,Chris Duarte,SF,25,IND,38,724,8.7,0.493,0.526,0.246,2.3,11.9,7.1,10.4,1.2,1,9.9,19.4,,-0.4,0.4,0,0.003,,-2.9,-1.5,-4.3,-0.4
130,David Duke Jr.,SG,23,BRK,16,141,4.3,0.446,0.125,0.167,5,7,6.1,11.7,2.1,0.6,20.1,20.4,,-0.4,0.1,-0.2,-0.081,,-8.9,-1.3,-10.2,-0.3
131,Kris Dunn,PG,28,UTA,2,40,25,0.544,0.304,0.087,8.3,13.5,10.9,39.1,3.6,2.1,4,26.1,,0.1,0.1,0.2,0.213,,3,4.5,7.5,0.1
132,Kevin Durant,PF,34,BRK,39,1403,26.5,0.673,0.257,0.39,1.2,19.4,10.6,25.3,1.1,3.5,13.7,31.7,,4.2,1.6,5.8,0.197,,5.9,1,6.9,3.2
133,Jalen Duren,C,19,DET,52,1305,16.5,0.652,0.003,0.39,14.2,24.6,19.2,6.2,1.2,3.1,15.6,13.1,,2.3,1.2,3.5,0.128,,-0.6,-0.4,-1,0.3
134,Tari Eason,PF,21,HOU,60,1176,15.7,0.52,0.258,0.228,12.5,18.8,15.6,7.7,2.8,2.8,11.4,19.9,,0.6,1.2,1.9,0.076,,-1.1,-0.2,-1.3,0.2
135,Anthony Edwards,SG,21,MIN,63,2290,17.5,0.566,0.375,0.277,1.8,16.1,9.1,19.5,2.2,1.6,13.5,29.6,,0.5,2.8,3.3,0.07,,1,-0.1,0.9,1.7
136,Kessler Edwards,SF,22,TOT,16,93,1.7,0.26,0.5,0.071,8.9,10.7,9.8,5.1,1.6,0.9,12.2,15.7,,-0.3,0.1,-0.2,-0.123,,-6.7,-3.6,-10.3,-0.2
136,Kessler Edwards,SF,22,BRK,14,79,2.5,0.301,0.5,0.083,9,11.1,10.1,3.2,1.9,1.1,13.9,16.3,,-0.3,0.1,-0.2,-0.112,,-6.5,-3.3,-9.8,-0.2
136,Kessler Edwards,SF,22,SAC,2,14,-3,0,0.5,0,8.4,8.1,8.3,15.9,0,0,0,12.2,,-0.1,0,-0.1,-0.185,,-7.6,-5.5,-13.1,0
137,Keon Ellis,SG,23,SAC,9,36,22.6,0.839,0.8,0.3,9.8,12.7,11.2,11.4,2.6,2.4,8.1,14.7,,0.2,0,0.2,0.272,,6.6,1.7,8.3,0.1
138,Joel Embiid,C,28,PHI,47,1649,30.6,0.641,0.152,0.573,6,28.4,17.3,22.5,1.6,4.3,11.9,37.2,,5.5,3,8.4,0.246,,6.3,2.3,8.6,4.4
139,Drew Eubanks,C,25,POR,58,1139,15.9,0.697,0.033,0.399,10,19.6,14.8,8.2,1.2,5.3,15.2,11.3,,2.3,1.2,3.6,0.15,,-0.6,1,0.4,0.7
140,Bruno Fernando,C,24,TOT,33,370,16.1,0.563,0.01,0.458,14.4,22.3,18.3,12.2,0.8,8.3,16,15.4,,0.4,0.4,0.8,0.108,,-2.9,1.1,-1.8,0
140,Bruno Fernando,C,24,HOU,31,364,16.1,0.561,0.011,0.473,14.3,22.3,18.3,11.9,0.8,8.4,15.1,15,,0.5,0.4,0.9,0.112,,-2.9,1.1,-1.8,0
140,Bruno Fernando,C,24,ATL,2,6,12.6,0.667,0,0,17.9,18.3,18.1,28.8,0,0,40,35.2,,0,0,0,-0.141,,-4.9,0.5,-4.4,0
141,Dorian Finney-Smith,PF,29,TOT,46,1464,9.6,0.542,0.688,0.127,6.2,12.1,9.1,6.4,1.4,1.2,10.1,12.8,,0.7,1.1,1.9,0.061,,-1.3,-0.5,-1.8,0.1
141,Dorian Finney-Smith,PF,29,DAL,40,1288,10.2,0.557,0.7,0.129,6,11.2,8.6,6.4,1.5,1.4,9.9,12.8,,0.9,1,1.9,0.069,,-0.8,-0.2,-1,0.3
141,Dorian Finney-Smith,PF,29,BRK,6,176,5.4,0.431,0.605,0.116,7.4,18.1,12.9,5.7,0.6,0,11.7,13,,-0.1,0.1,0,-0.001,,-5,-2.4,-7.4,-0.2
142,Malachi Flynn,PG,24,TOR,43,591,9.4,0.492,0.555,0.12,2.7,10.3,6.2,14.9,1.4,0.5,7.9,16.4,,0.2,0.4,0.6,0.05,,-2.5,-0.7,-3.3,-0.2
143,Simone Fontecchio,SF,27,UTA,33,326,7.1,0.486,0.683,0.183,5.4,6.9,6.2,7.4,0.7,1.5,12.2,19,,-0.2,0.1,-0.1,-0.008,,-3.3,-2.3,-5.6,-0.3
144,Bryn Forbes,SG,29,MIN,25,268,6.3,0.497,0.554,0.181,1.7,4.5,3.1,8.2,1.2,0.7,11.8,16.2,,-0.2,0.2,0,0,,-4.7,-1.5,-6.2,-0.3
145,Trent Forrest,PG,24,ATL,18,239,7.9,0.487,0.04,0.06,2.3,11,6.6,16,1.2,0.7,16.3,10.8,,0,0.2,0.2,0.031,,-4.4,0.6,-3.8,-0.1
146,Michael Foster Jr.,PF,20,PHI,1,1,0,,,,0,0,0,0,0,0,,0,,0,0,0,0.012,,-7.6,-1.9,-9.5,0
147,Evan Fournier,SG,30,NYK,23,414,8.2,0.49,0.675,0.139,1,10.7,5.9,11.7,1.7,0.7,10.6,18.6,,-0.1,0.4,0.3,0.033,,-3.2,0.1,-3,-0.1
148,De'Aaron Fox,PG,25,SAC,55,1877,21.7,0.603,0.261,0.344,1.6,12.6,7.2,29.4,1.6,0.8,11.3,29.8,,4.3,1.4,5.7,0.147,,3.1,-1,2.2,1.9
149,Markelle Fultz,PG,24,ORL,40,1169,16,0.548,0.119,0.222,4.9,10.7,7.8,29.2,2.4,1.3,16.5,21.2,,0.8,1.3,2.1,0.085,,-0.5,0.7,0.1,0.6
150,Wenyen Gabriel,PF,25,LAL,47,713,15.1,0.648,0.153,0.311,11.7,14.9,13.3,4.3,1.1,3,12.9,15.1,,1.2,0.8,1.9,0.131,,-2.1,-0.3,-2.4,-0.1
151,Daniel Gafford,C,24,WAS,58,1093,20.4,0.744,0,0.536,12.1,19,15.7,7.1,1,5.8,15,15.3,,3,1.5,4.4,0.195,,0.5,0.9,1.4,0.9
152,Darius Garland,PG,23,CLE,54,1896,20,0.599,0.377,0.305,1.4,7.4,4.5,35.2,1.8,0.3,13.7,27,,4.3,2.3,6.6,0.168,,3.9,-0.5,3.4,2.6
153,Usman Garuba,PF,20,HOU,53,714,14.1,0.597,0.266,0.29,13.2,22.8,18,9.6,2.4,3.3,19.6,10.1,,0.8,0.8,1.6,0.106,,-1.5,1.2,-0.3,0.3
154,Luka Garza,C,24,MIN,23,209,23.7,0.646,0.353,0.471,15.9,14.2,15,10.7,0.5,0.4,7.5,27.2,,0.8,0.1,1,0.224,,3.1,-2.9,0.2,0.1
155,Rudy Gay,PF,36,UTA,46,665,8.6,0.465,0.446,0.158,4.8,16.9,10.9,8.4,1.2,1.6,10.6,16.7,,-0.3,0.5,0.2,0.017,,-3.8,-0.4,-4.2,-0.4
156,Paul George,SG,32,LAC,46,1583,19.9,0.596,0.438,0.289,2.3,17.6,10,25.1,2,1,14.4,29.3,,2,1.9,3.9,0.118,,2.5,0.1,2.6,1.8
157,Taj Gibson,C,37,WAS,38,379,12,0.584,0.172,0.343,8.3,14,11.3,10.5,1.7,2.2,14.9,15.4,,0.3,0.4,0.8,0.096,,-3.5,0.9,-2.6,-0.1
158,Josh Giddey,SG,20,OKC,55,1697,16.4,0.532,0.204,0.114,6.7,20.4,13.4,28.1,1.2,1.3,16.5,24.6,,0.4,1.9,2.4,0.067,,0.7,-0.5,0.2,1
159,Shai Gilgeous-Alexander,PG,24,OKC,54,1918,27.3,0.623,0.127,0.526,2.6,11.8,7.1,26.4,2.2,2.8,10.3,32.6,,6.8,2.3,9.1,0.228,,5.8,1.4,7.2,4.4
160,Anthony Gill,PF,30,WAS,42,419,11.6,0.664,0.226,0.417,6.4,8.9,7.7,6.4,0.6,1.6,8.3,11.3,,0.8,0.3,1.1,0.122,,-1.8,-0.6,-2.4,0
161,Rudy Gobert,C,30,MIN,51,1554,19,0.697,0.008,0.614,11.9,30.2,21.3,4,1.2,3.9,15.4,15.9,,3.2,2.5,5.8,0.178,,0.2,0.5,0.6,1
162,Jordan Goodwin,PG,24,WAS,41,742,14.3,0.537,0.315,0.204,5.6,14,10,18.5,2.8,2.4,13.6,16,,0.6,1,1.6,0.103,,-1,2.1,1.1,0.6
163,Aaron Gordon,PF,27,DEN,50,1512,20.6,0.641,0.234,0.436,9.3,16.7,13.1,13.9,1.3,2.3,10.8,21.5,,3.8,1.7,5.4,0.172,,3,-0.3,2.7,1.8
164,Eric Gordon,SG,34,TOT,51,1511,11.4,0.57,0.514,0.29,0.9,6.7,3.8,14.5,1.1,1.3,13.1,17.8,,1.1,0.2,1.4,0.044,,-0.9,-1.6,-2.5,-0.2
164,Eric Gordon,SG,34,HOU,47,1418,11.4,0.572,0.513,0.282,0.9,6.6,3.7,14.2,1,1.2,13.4,18.1,,1,0.1,1.1,0.038,,-1,-1.7,-2.6,-0.2
164,Eric Gordon,SG,34,LAC,4,93,12.5,0.53,0.545,0.455,1.2,8.4,4.8,19.7,1.6,2.9,7,13.4,,0.1,0.1,0.2,0.122,,-0.3,0.4,0.1,0.1
165,Devonte' Graham,PG,27,TOT,59,980,12.2,0.534,0.796,0.26,1.9,8.1,5,19.3,1.7,1.3,8.6,16,,1.1,0.8,1.9,0.095,,0.1,0.1,0.1,0.5
165,Devonte' Graham,PG,27,NOP,53,811,11.8,0.545,0.823,0.255,1.6,8.4,5,18.7,1.8,1.2,9.5,14.9,,0.9,0.8,1.7,0.101,,-0.4,0.4,0,0.4
165,Devonte' Graham,PG,27,SAS,6,169,14.3,0.501,0.712,0.274,3.1,6.8,4.9,22.3,1.4,1.9,5.8,21.3,,0.2,0,0.2,0.064,,2.2,-1.4,0.8,0.1
166,Jerami Grant,PF,28,POR,55,1959,16.4,0.611,0.381,0.362,2.8,11.3,7.1,9.9,1.1,2,9.8,22.9,,3.1,1.1,4.2,0.103,,1.4,-1.3,0.1,1.1
167,A.J. Green,SG,23,MIL,27,263,12.8,0.637,0.837,0.041,1.6,9.5,5.7,8.7,1.1,0,7.4,17.2,,0.4,0.3,0.7,0.133,,0.3,-0.2,0.1,0.1
168,Danny Green,SG,35,TOT,6,71,2,0.489,0.789,0.053,1.5,6.1,3.8,3.4,1.4,1.3,20.5,14.7,,-0.1,0.1,0,-0.026,,-6.7,-0.9,-7.5,-0.1
168,Danny Green,SG,35,MEM,3,43,-0.1,0.409,0.727,0,2.4,7.3,4.9,5.6,1.1,0,21.4,13.4,,-0.1,0,0,-0.053,,-7.9,-0.8,-8.6,-0.1
168,Danny Green,SG,35,CLE,3,28,5.4,0.592,0.875,0.125,0,4.2,2.1,0,1.8,3.3,19.2,16.7,,0,0,0,0.014,,-4.8,-1,-5.8,0
169,Draymond Green,PF,32,GSW,53,1671,12.3,0.587,0.293,0.242,3.1,22.4,12.9,27.7,1.4,2.2,27.1,12.6,,1.4,2.1,3.5,0.101,,-1.6,2.5,1,1.2
170,Jalen Green,SG,20,HOU,54,1833,13.9,0.534,0.429,0.334,1.8,11.1,6.4,17.4,1.1,0.7,12.3,28.3,,0.4,0.4,0.8,0.021,,0.1,-2.6,-2.5,-0.3
171,JaMychal Green,PF,32,GSW,41,602,13.6,0.614,0.437,0.258,10.2,19.1,14.7,9,1.6,2.1,18.2,18,,0.4,0.7,1.1,0.092,,-2.2,-0.2,-2.4,-0.1
172,Javonte Green,SG,29,CHI,28,449,15.4,0.667,0.327,0.413,6.4,14,10.2,6.9,2.4,4.2,14,13.9,,0.7,0.7,1.4,0.151,,-0.5,2.5,2,0.5
173,Jeff Green,PF,36,DEN,39,757,11,0.568,0.282,0.34,4.4,10.6,7.6,8.1,1,1.3,11.5,17.9,,0.4,0.6,1,0.064,,-2.7,-1.1,-3.8,-0.3
174,Josh Green,SG,22,DAL,42,1036,12.6,0.664,0.473,0.328,4.2,8.6,6.4,9.6,1.7,0.3,12.8,14.7,,1.7,0.7,2.4,0.11,,-1.3,-0.1,-1.4,0.1
175,AJ Griffin,SF,19,ATL,57,1152,12.7,0.583,0.486,0.073,2.4,8.7,5.5,6.8,1.6,0.5,6.8,17.7,,1.1,0.8,1.9,0.078,,-0.3,-0.3,-0.5,0.4
176,Blake Griffin,C,33,BOS,26,375,13.2,0.624,0.511,0.261,7.1,18.8,13.1,11.9,1,1.1,11.2,13.5,,0.7,0.5,1.2,0.148,,-1,0.7,-0.4,0.1
177,Quentin Grimes,SG,22,NYK,51,1522,10.1,0.584,0.654,0.173,2.8,9.3,6.1,8.7,1.1,1.2,10.7,13.7,,1.5,1.2,2.7,0.085,,-1.3,0.3,-1,0.4
178,Rui Hachimura,PF,24,TOT,43,1052,13.2,0.549,0.271,0.218,3.9,16.2,10.3,6.2,0.7,1.2,8.1,21.3,,0.2,0.9,1.1,0.05,,-1.2,-1.2,-2.4,-0.1
178,Rui Hachimura,PF,24,WAS,30,728,13.7,0.558,0.275,0.179,3,15.9,9.8,7.4,0.7,1.4,9.3,23,,0.1,0.6,0.7,0.044,,-1.1,-1.4,-2.5,-0.1
178,Rui Hachimura,PF,24,LAL,13,324,12.1,0.526,0.261,0.333,5.8,16.8,11.5,3.4,0.6,0.8,4.5,17.3,,0.2,0.3,0.4,0.064,,-1.5,-0.8,-2.4,0
179,Tyrese Haliburton,PG,22,IND,50,1678,22.8,0.613,0.483,0.211,2.1,9.9,6,47.3,2.5,1.2,13.7,23.4,,5.1,1.4,6.5,0.186,,6.4,0.4,6.8,3.7
180,Jordan Hall,SF,21,SAS,9,83,5.6,0.438,0.536,0.321,3.8,12.5,8,17,0.6,0,18,19.4,,-0.1,0,-0.1,-0.079,,-4.7,-3.1,-7.8,-0.1
181,R.J. Hampton,PG,21,TOT,27,366,12.6,0.572,0.465,0.325,2.8,9.3,6,13.4,2.3,1.1,13.9,17.9,,0.2,0.4,0.6,0.077,,-1.6,0.4,-1.2,0.1
181,R.J. Hampton,PG,21,ORL,26,361,12.6,0.572,0.465,0.325,2.8,9.4,6.1,13.6,2.2,1.1,13.9,18.1,,0.2,0.4,0.6,0.076,,-1.5,0.2,-1.3,0.1
181,R.J. Hampton,PG,21,DET,1,5,10,,,,0,0,0,0,9.6,0,,0,,0,0,0,0.099,,-7,13.4,6.4,0
182,Tim Hardaway Jr.,SG,30,DAL,56,1683,11.3,0.525,0.647,0.191,1.3,13.1,7.1,8.7,1.2,0.4,6.1,21.3,,0,1.1,1.2,0.034,,-0.9,-1.6,-2.5,-0.2
183,James Harden,PG,33,PHI,43,1575,22.5,0.621,0.5,0.446,1.7,17.9,9.9,44.5,1.7,1.5,16.4,25.3,,4.6,2,6.6,0.203,,5.4,0.7,6.1,3.2
184,Jaden Hardy,SG,20,DAL,32,371,12,0.557,0.448,0.294,0.6,13.2,6.8,11.2,1.2,0.7,12.4,25.7,,-0.1,0.3,0.2,0.02,,-3.3,-2.1,-5.3,-0.3
185,Ron Harper Jr.,SF,22,TOR,4,14,23.6,0.714,0.571,0,7.5,8.7,8.1,0,0,0,0,21.3,,0.1,0,0.1,0.188,,10.1,-1.3,8.8,0
186,Montrezl Harrell,C,29,PHI,50,624,17.3,0.636,0.011,0.459,11.4,14.5,12.9,7.6,1.3,3.7,12.2,18.1,,1.2,0.8,2,0.157,,-1.2,-0.1,-1.3,0.1
187,Gary Harris,SG,28,ORL,32,789,11.2,0.643,0.66,0.138,2.3,7.8,5,7,1.8,0.6,8.9,12.9,,1.1,0.6,1.7,0.103,,-1.1,0.5,-0.6,0.3
188,Joe Harris,SG,31,BRK,53,1244,10.1,0.608,0.72,0.068,1.8,10.1,6.1,8.9,1.1,0.9,8.8,14.3,,1.1,0.8,1.9,0.072,,-1.1,-0.8,-1.8,0.1
189,Kevon Harris,SG,25,ORL,27,336,8.9,0.546,0.364,0.351,7.8,10.1,9,4.9,1.9,0.9,15.3,13.5,,0.1,0.3,0.4,0.057,,-3.5,-0.1,-3.6,-0.1
190,Tobias Harris,PF,30,PHI,55,1850,15.1,0.595,0.386,0.133,3.3,16.8,10.1,11.6,1.5,1.5,8.8,18.9,,2.1,2.3,4.4,0.114,,0.6,0.1,0.7,1.2
191,Josh Hart,SF-SG,27,TOT,56,1835,13.6,0.603,0.317,0.332,6.5,21.3,14,15.9,1.6,0.6,15.5,13,,2.8,1.6,4.4,0.114,,-0.2,0.9,0.6,1.2
191,Josh Hart,SF,27,POR,51,1704,12.9,0.586,0.309,0.328,6.5,21.7,14.2,15.8,1.6,0.5,16,12.7,,2.2,1.4,3.7,0.103,,-0.7,0.7,0.1,0.9
191,Josh Hart,SG,27,NYK,5,131,22.8,0.746,0.39,0.366,6.6,15.7,11.1,16.2,1.9,2.2,11.2,17.5,,0.5,0.2,0.7,0.25,,5.4,3,8.3,0.3
192,Isaiah Hartenstein,C,24,NYK,62,1220,14.5,0.565,0.131,0.204,15.5,21.3,18.4,6,1.5,3.9,15,11.7,,1.7,1.8,3.5,0.138,,-1.4,0.6,-0.8,0.4
193,Udonis Haslem,C,42,MIA,6,46,-3.5,0.116,0.167,0.167,9.6,10.5,10,0,1.1,2.2,0,12.3,,-0.2,0.1,-0.1,-0.126,,-12.2,-4.2,-16.5,-0.2
194,Sam Hauser,PF,25,BOS,59,918,12.7,0.635,0.831,0.053,3.2,14.6,9,6.5,0.9,1.4,6.1,14.7,,1.3,1,2.4,0.123,,0.7,0,0.7,0.6
195,Jaxson Hayes,C,22,NOP,34,442,13.4,0.582,0.228,0.535,7.8,17.2,12.4,7.7,1.5,2.4,12.4,15.5,,0.5,0.5,1,0.109,,-1.9,0.5,-1.4,0.1
196,Killian Hayes,PG,21,DET,57,1535,9.7,0.448,0.382,0.097,1.3,10,5.5,31.7,2.3,1.1,16.1,19.8,,-1.3,0.9,-0.4,-0.012,,-3.5,-0.5,-4,-0.8
197,Gordon Hayward,SF,32,CHO,36,1122,13.5,0.561,0.281,0.283,2.5,12.9,7.5,16.7,1.4,0.6,12.6,19.7,,0.6,0.7,1.4,0.058,,-1.2,-0.4,-1.6,0.1
198,Juancho Hernangómez,PF,27,TOR,42,614,7.7,0.504,0.588,0.14,4.6,19.1,11.3,5.2,1.3,1,11,9.4,,0.1,0.5,0.6,0.05,,-3.5,0.1,-3.4,-0.2
199,Willy Hernangómez,C,28,NOP,30,383,21.8,0.617,0.069,0.632,15.1,30.1,22.6,10.5,1.5,3,14.8,24,,0.8,0.6,1.4,0.181,,0.6,0.2,0.8,0.3
200,Tyler Herro,SG,23,MIA,47,1664,15.7,0.56,0.476,0.169,1.5,18,9.3,20.8,1.2,0.9,11.7,26.1,,0.7,2,2.7,0.079,,1.6,-0.3,1.2,1.4
201,Buddy Hield,SF,30,IND,62,1989,15.1,0.611,0.663,0.11,2.9,14,8.4,12.6,1.7,0.8,11.4,21,,1.9,1.5,3.4,0.082,,2.3,-0.7,1.7,1.9
202,Haywood Highsmith,SF,26,MIA,44,853,8.5,0.521,0.532,0.126,5.9,16.5,11,5,1.9,1.8,14.9,12.2,,-0.2,1.2,1,0.056,,-3.7,0.9,-2.8,-0.2
203,George Hill,PG,36,TOT,36,678,9.9,0.575,0.561,0.348,2.1,8,5.1,16.9,1.4,0.4,15.1,11.1,,0.7,0.8,1.5,0.106,,-2.9,1.1,-1.8,0
203,George Hill,PG,36,MIL,35,668,9.9,0.575,0.561,0.348,2.1,8.1,5.2,17.2,1.4,0.4,15.1,11.3,,0.7,0.8,1.5,0.107,,-2.8,1.1,-1.7,0
203,George Hill,PG,36,IND,1,10,4.9,,,,0,0,0,0,4.8,0,,0,,0,0,0,0.047,,-6.4,2.6,-3.8,0
204,Malcolm Hill,SF,27,CHI,5,9,15.5,0.625,0.75,0,0,36.7,18.7,0,0,0,0,19.5,,0,0,0,0.126,,1.6,0.5,2.1,0
205,Aaron Holiday,PG,26,ATL,51,727,8.7,0.527,0.399,0.149,3.1,6.8,4.9,11.1,1.8,1.2,13,13.4,,0.1,0.5,0.7,0.045,,-3.1,0.7,-2.5,-0.1
206,Jrue Holiday,PG,32,MIL,49,1616,19.3,0.576,0.402,0.172,4,12.1,8.2,33.8,1.8,0.9,14.7,25.7,,2.7,2.3,5,0.149,,2.9,0.3,3.2,2.1
207,Justin Holiday,SG,33,TOT,30,461,7.4,0.536,0.715,0,0.5,5.5,3,7.5,0.7,2.5,8.1,13.7,,0,0.2,0.3,0.029,,-2.4,-0.3,-2.7,-0.1
207,Justin Holiday,SG,33,ATL,28,411,6.1,0.504,0.696,0,0.5,5.6,3,7.6,0.6,2.1,8.8,14.1,,-0.1,0.2,0.1,0.008,,-3.2,-0.6,-3.8,-0.2
207,Justin Holiday,SG,33,DAL,2,50,18.1,0.875,0.917,0,0,4.8,2.4,6,2,5.4,0,10.9,,0.2,0.1,0.2,0.208,,3.6,2.5,6.1,0.1
208,Richaun Holmes,C,29,SAC,34,303,13.6,0.726,0.058,0.246,9.3,17.7,13.5,2.2,0.5,3.1,13.6,12.5,,0.6,0.2,0.8,0.131,,-1.8,-0.7,-2.5,0
209,Al Horford,C,36,BOS,47,1448,13,0.615,0.653,0.052,4.4,17.5,11.1,11.7,0.8,2.5,7.3,11.6,,2.4,1.8,4.2,0.14,,1,1.3,2.3,1.6
210,Talen Horton-Tucker,SG,22,UTA,48,819,12.6,0.492,0.376,0.262,3,13.8,8.5,24.4,1.8,2.3,14.6,22.7,,-0.1,0.8,0.6,0.037,,-1.8,0.3,-1.5,0.1
211,Danuel House Jr.,SF,29,PHI,37,546,8.4,0.589,0.6,0.333,1.7,12.1,7,6.2,0.7,1.2,10.4,12.5,,0.3,0.5,0.8,0.069,,-2.8,-0.6,-3.4,-0.2
212,Caleb Houstan,SF,20,ORL,34,549,7.5,0.564,0.697,0.107,5,10.7,7.9,4.4,0.6,0.5,8.6,11,,0.4,0.3,0.7,0.061,,-2.3,-0.9,-3.2,-0.2
213,Trevor Hudgins,PG,23,HOU,5,28,4.2,0.436,0.889,0.333,0,0,0,14.2,0,0,8.8,16.7,,0,0,0,-0.034,,-3.8,-4.7,-8.6,0
214,Kevin Huerter,SG,24,SAC,57,1715,14,0.605,0.595,0.16,2.3,10.5,6.5,13.2,1.8,0.9,10.7,19.2,,2,1.3,3.3,0.092,,0.5,-0.4,0.2,0.9
215,De'Andre Hunter,SF,25,ATL,51,1618,12,0.571,0.356,0.284,2.2,12.7,7.4,6.1,0.8,0.5,8.2,19.8,,1.3,1,2.3,0.068,,-1.7,-1.3,-2.9,-0.4
216,Bones Hyland,PG,22,TOT,45,867,14.6,0.539,0.549,0.196,2,10.4,6.3,21.5,1.7,1.3,12.4,28.3,,0.2,0.8,1,0.056,,0.6,-1.5,-0.9,0.3
216,Bones Hyland,PG,22,DEN,42,820,14.6,0.54,0.555,0.189,1.5,10.5,6.1,21.8,1.7,1.4,12.5,28.4,,0.1,0.8,0.9,0.054,,0.7,-1.4,-0.7,0.3
216,Bones Hyland,PG,22,LAC,3,47,14.7,0.519,0.429,0.333,12,9.5,10.7,15.9,2.1,0,11.1,25.2,,0,0,0.1,0.086,,-1.5,-1.8,-3.3,0
217,Serge Ibaka,C,33,MIL,16,185,10,0.553,0.333,0.241,8.7,15.7,12.3,3,0.5,3.1,15.6,16.1,,0,0.3,0.3,0.066,,-4.5,0.1,-4.5,-0.1
218,Andre Iguodala,SF,39,GSW,3,42,5.6,0.875,0.5,0,2.6,15.5,9.2,14.6,1.1,2.1,55.6,9,,0,0,0,0.01,,-5.9,0.6,-5.3,0
219,Joe Ingles,SF,35,MIL,27,609,8.5,0.531,0.789,0.102,1.4,11.5,6.6,17.5,1.2,0.5,16.3,12.7,,0.2,0.7,1,0.077,,-2.8,0.6,-2.2,0
220,Brandon Ingram,SF,25,NOP,26,844,17,0.565,0.225,0.305,1.5,16,8.6,23.6,1,1.3,13.9,30.7,,0.3,0.8,1.2,0.067,,0.9,-0.8,0.1,0.4
221,Kyrie Irving,PG,30,TOT,46,1699,22.2,0.609,0.427,0.22,3.3,12.3,7.9,24.6,1.4,1.8,9.3,29.6,,3.9,1.4,5.4,0.151,,4.7,-0.9,3.8,2.5
221,Kyrie Irving,PG,30,BRK,40,1478,21.9,0.604,0.425,0.219,3,12.3,7.9,23.5,1.4,1.9,9.2,29.9,,3.1,1.3,4.4,0.142,,4.6,-1,3.6,2.1
221,Kyrie Irving,PG,30,DAL,6,221,24.6,0.649,0.445,0.227,4.7,11.9,8.2,31.6,1.4,1.2,10.4,27.7,,0.8,0.2,1,0.217,,5.4,-0.5,4.9,0.4
222,Jonathan Isaac,PF,25,ORL,11,124,20.6,0.483,0.283,0.17,13.8,26.5,20.1,7.4,5.5,3.1,6.6,21.2,,0,0.3,0.3,0.131,,1.1,2.9,4,0.2
223,Jaden Ivey,SG,20,DET,57,1716,12.3,0.528,0.341,0.386,3.5,10.9,7.1,24,1.4,0.8,16.4,24.4,,-0.4,0.7,0.3,0.008,,-1.5,-1.4,-3,-0.4
224,Isaiah Jackson,C,21,IND,45,689,17.5,0.607,0.058,0.51,10.1,17.9,14,8.5,1.3,8.4,13.4,17.7,,0.9,0.9,1.8,0.125,,-1.7,1.8,0,0.4
225,Jaren Jackson Jr.,C,23,MEM,42,1142,21.3,0.602,0.364,0.352,6.5,19.1,12.8,4.6,1.9,10.7,10,23.3,,1.7,2.7,4.3,0.182,,0.6,2.9,3.5,1.6
226,Justin Jackson,SF,27,BOS,23,107,6.3,0.359,0.741,0.074,2.1,15.2,8.7,10.6,1.8,3.2,6.7,12.2,,-0.1,0.2,0,0.021,,-4,1.4,-2.6,0
227,Quenton Jackson,PG,24,WAS,3,8,26.1,0.833,0.667,0,14.5,0,6.9,20.3,0,0,0,16.3,,0.1,0,0.1,0.316,,8.9,-2.1,6.8,0
228,Reggie Jackson,PG,32,TOT,55,1394,10.5,0.52,0.439,0.131,1.9,7.9,4.9,20.2,1.4,0.4,14.8,20.8,,-0.3,1,0.7,0.024,,-2.6,-1,-3.6,-0.6
228,Reggie Jackson,PG,32,LAC,52,1338,10.5,0.523,0.43,0.129,1.9,7.8,4.9,20.2,1.4,0.3,15.1,20.8,,-0.3,1,0.6,0.023,,-2.6,-1.1,-3.7,-0.6
228,Reggie Jackson,PG,32,DEN,3,56,9.7,0.444,0.652,0.174,2.1,10.1,6.2,20.5,1.7,1.6,7.5,20.7,,0,0.1,0,0.04,,-2.4,0.2,-2.2,0
229,LeBron James,PF,38,LAL,47,1695,24.4,0.583,0.306,0.278,3.7,20.6,12.4,33.4,1.2,1.3,11,33.2,,3.1,1.9,5,0.141,,5.6,0.6,6.1,3.5
230,Ty Jerome,SG,25,GSW,39,717,13.6,0.614,0.355,0.168,0.9,9.1,5.1,22,1.4,0.6,10.3,15.4,,1.4,0.5,1.9,0.128,,-0.7,0.1,-0.6,0.3
231,Isaiah Joe,SG,23,OKC,52,855,17.2,0.68,0.804,0.19,2.1,13,7.5,9.3,1.7,0.6,6.6,17.9,,2.2,0.8,3.1,0.172,,3.3,-0.1,3.2,1.1
232,Alize Johnson,PF,26,SAS,4,30,4.3,0.509,0.333,0.333,7.1,30.8,18.5,4.2,1.6,0,36.8,15,,-0.1,0,-0.1,-0.103,,-7.3,-1.9,-9.2,-0.1
233,Cameron Johnson,PF,26,TOT,22,574,17.5,0.613,0.584,0.197,3.1,12.7,7.9,8.8,1.9,1.2,3.7,20.2,,1.2,0.6,1.8,0.153,,2.9,0.3,3.2,0.8
233,Cameron Johnson,PF,26,PHO,17,429,17.5,0.629,0.572,0.191,3.5,13.5,8.4,9,1.7,1.3,5.1,19.6,,1,0.5,1.5,0.163,,3.2,0.5,3.8,0.6
233,Cameron Johnson,PF,26,BRK,5,145,17.2,0.569,0.615,0.215,1.6,10.6,6.3,8.2,2.4,1.2,0,21.9,,0.2,0.1,0.4,0.125,,2,-0.5,1.5,0.1
234,Jalen Johnson,SF,21,ATL,57,817,13.4,0.55,0.338,0.258,5.4,23.9,14.6,8.2,1.5,2.7,9.5,15.3,,0.6,1.1,1.6,0.096,,-1.5,1.2,-0.3,0.4
235,James Johnson,PF,35,IND,12,98,5.4,0.452,0.37,0.148,2.2,15.7,9,9.5,1.9,4.5,14.8,14.4,,-0.1,0.1,0,-0.003,,-7.2,1.8,-5.4,-0.1
236,Keldon Johnson,SF,23,SAS,54,1763,15.3,0.55,0.374,0.305,2.8,14.1,8.2,13.1,1,0.5,9.7,27.8,,0.8,0.2,1.1,0.029,,0.7,-2.8,-2.1,0
237,Keon Johnson,SG,20,POR,30,301,7.4,0.463,0.458,0.16,3.1,10.3,6.7,15.4,2.3,1.2,17.1,24.5,,-0.7,0.2,-0.4,-0.069,,-4.9,-1.4,-6.4,-0.3
238,Stanley Johnson,SF,26,SAS,30,469,13.7,0.625,0.328,0.32,5,18,11.2,19,1.6,1.1,19.2,15.2,,0.5,0.2,0.7,0.074,,-0.7,-0.4,-1.1,0.1
239,Nikola Joki?,C,27,DEN,54,1818,32.1,0.704,0.141,0.418,8.1,31.6,20.2,47.2,1.9,1.8,16.8,27.3,,9.2,2.9,12.1,0.321,,8.8,4.6,13.4,7.1
240,Carlik Jones,PG,25,CHI,2,23,-1.7,0.222,0.2,0.8,5,9.6,7.3,10.4,0,0,12.9,14.8,,-0.1,0,-0.1,-0.152,,-10.5,-3.5,-14,-0.1
241,Damian Jones,C,27,TOT,24,197,14.1,0.612,0.073,0.537,11.2,22.1,16.8,3.3,0.7,6,16.5,13,,0.2,0.3,0.5,0.117,,-2.6,0.8,-1.9,0
241,Damian Jones,C,27,LAL,22,176,13.9,0.6,0.081,0.541,11.2,21.6,16.6,2.9,0.8,5.8,16.4,13.1,,0.2,0.2,0.4,0.113,,-2.7,0.5,-2.2,0
241,Damian Jones,C,27,UTA,2,21,15.9,0.717,0,0.5,10.5,25.7,18.2,6.5,0,7.9,17,11.7,,0,0,0.1,0.15,,-2.2,2.8,0.7,0
242,Derrick Jones Jr.,SF,25,CHI,48,705,13.9,0.608,0.316,0.391,7.6,11.6,9.6,5.5,1.5,4,8.9,13.9,,1.1,1,2,0.138,,-1.1,0.9,-0.2,0.3
243,Herbert Jones,SF,24,NOP,45,1286,11.4,0.538,0.337,0.349,5.2,9.9,7.5,10,2.7,2.2,12.7,14.9,,0.6,1.7,2.3,0.085,,-2.6,1.7,-0.9,0.4
244,Kai Jones,C,22,CHO,28,248,11.2,0.576,0.186,0.237,8.3,14.1,11.1,2.7,1.3,3.9,12.1,12.5,,0.2,0.2,0.4,0.074,,-3.8,-0.2,-4,-0.1
245,Tre Jones,PG,23,SAS,52,1524,15,0.514,0.224,0.217,3,10.9,6.8,29.6,2.1,0.4,12.4,20,,1.3,0.5,1.8,0.056,,-0.7,-1.1,-1.8,0.1
246,Tyus Jones,PG,26,MEM,59,1354,15.5,0.542,0.454,0.143,1.7,8.4,5.1,26.9,2.1,0.3,9.2,17.8,,2.2,1.7,3.8,0.136,,0.9,0.5,1.4,1.2
247,DeAndre Jordan,C,34,DEN,34,498,14.2,0.732,0.01,0.427,9.8,28.5,19.5,8.2,0.8,4,26.9,13.6,,0.4,0.7,1.1,0.106,,-2.7,0.7,-2.1,0
248,Cory Joseph,PG,31,DET,42,658,10.7,0.504,0.464,0.204,1.6,7.8,4.6,29.1,1.3,0.8,13.2,14.6,,0.5,0.2,0.7,0.052,,-1.9,-0.9,-2.8,-0.1
249,Nikola Jovi?,PF,19,MIA,15,204,10.7,0.53,0.507,0.275,4.9,13,8.7,7.3,1.7,1,11.4,18.9,,0,0.3,0.3,0.061,,-3.5,0,-3.5,-0.1
250,Mfiondu Kabengele,PF,25,BOS,2,14,5.6,0.5,0.5,0,23.9,15.5,19.6,0,0,0,33.3,9.4,,0,0,0,0.058,,-8.1,-4.7,-12.8,0
251,Frank Kaminsky,C,29,TOT,29,200,15.1,0.663,0.51,0.314,2.2,19.7,10.9,17.5,1.4,1.4,13.4,14.1,,0.4,0.2,0.6,0.144,,0.8,2,2.8,0.2
251,Frank Kaminsky,C,29,ATL,26,176,15,0.72,0.523,0.273,1.8,20.5,11.1,15.5,1.4,0.5,15.4,14,,0.4,0.2,0.6,0.152,,0.7,1.7,2.5,0.2
251,Frank Kaminsky,C,29,HOU,3,24,15.6,0.342,0.429,0.571,4.5,13.7,9.1,31.9,2,8.2,0,15.1,,0,0,0,0.092,,0.9,3.9,4.8,0
252,Trevor Keels,SG,19,NYK,1,1,-26.7,0,1,0,0,100,54,0,0,0,0,42.9,,0,0,0,-0.812,,-36.2,-8.4,-44.6,0
253,Luke Kennard,SG,26,TOT,38,792,10.8,0.632,0.633,0.106,1,11.4,6.2,7.4,1.2,0.5,11.3,14.7,,0.7,0.6,1.4,0.082,,-1.2,0,-1.2,0.2
253,Luke Kennard,SG,26,LAC,35,725,10.6,0.623,0.626,0.095,0.9,11.8,6.4,7.3,1.3,0.5,12,15.1,,0.5,0.6,1.1,0.073,,-1.4,0,-1.4,0.1
253,Luke Kennard,SG,26,MEM,3,67,12.2,0.746,0.733,0.267,1.6,6.2,3.9,9.4,0,0,0,10.3,,0.2,0,0.3,0.187,,0.6,0,0.6,0
254,Walker Kessler,C,21,UTA,59,1276,21.1,0.698,0.003,0.4,14.8,24.9,19.9,5.2,0.9,8.3,11.7,12.9,,3.3,1.9,5.2,0.197,,1.1,1.6,2.7,1.5
255,Braxton Key,SF,25,DET,3,9,18.6,1.064,0,2,0,12.6,6.1,0,0,0,0,8.8,,0,0,0,0.241,,2.2,0.7,2.9,0
256,Corey Kispert,SF,23,WAS,52,1402,10.4,0.635,0.656,0.166,1.7,8.9,5.5,6.1,1,0.4,9.3,13,,1.5,0.8,2.3,0.08,,-1.1,-0.8,-1.9,0
257,Maxi Kleber,C,31,DAL,22,564,9.4,0.622,0.625,0.135,3.9,12.5,8.1,5.2,0.6,3.5,10.6,9.9,,0.5,0.4,0.9,0.081,,-1.6,0.2,-1.4,0.1
258,Nathan Knight,PF,25,MIN,34,276,14.9,0.661,0.28,0.707,8.7,12.3,10.5,6.4,1.5,1.9,16.2,18.1,,0.4,0.3,0.7,0.123,,-1.8,-0.9,-2.7,0
259,Kevin Knox,PF-SF,23,TOT,46,613,10.2,0.607,0.65,0.191,3.9,16.7,10.1,3.6,1.1,1.7,13.9,15.9,,0.2,0.3,0.6,0.044,,-2.3,-0.9,-3.2,-0.2
259,Kevin Knox,PF,23,DET,42,593,10.4,0.612,0.648,0.184,3.6,16.9,10.1,3.7,1.1,1.8,14.2,16.1,,0.2,0.3,0.5,0.044,,-2.1,-0.7,-2.8,-0.1
259,Kevin Knox,SF,23,POR,4,20,3.3,0.41,0.75,0.5,11.7,11.5,11.6,0,0,0,0,10.7,,0,0,0,0.033,,-9.4,-4.9,-14.3,-0.1
260,Christian Koloko,C,22,TOR,46,663,11.3,0.529,0.071,0.421,11.3,14,12.5,4.4,1,7,10.8,10.7,,0.6,0.8,1.4,0.1,,-4.5,0.3,-4.1,-0.4
261,John Konchar,SG,26,MEM,51,1128,11,0.56,0.557,0.106,4.2,18,11.1,7.9,2.2,1,9.8,10.8,,0.9,1.9,2.8,0.118,,-1.6,2.2,0.6,0.8
262,Furkan Korkmaz,SG,25,PHI,25,255,9.1,0.523,0.449,0.372,2.8,10.4,6.7,10,1.2,1.1,14.2,18.5,,-0.1,0.2,0.1,0.019,,-3.3,-1.2,-4.4,-0.1
263,Luke Kornet,C,27,BOS,52,610,17.5,0.737,0.074,0.279,11.7,14.9,13.3,8.2,0.8,5.6,12.2,11.2,,1.8,0.9,2.7,0.21,,0,1.5,1.5,0.5
264,Vit Krejci,PG,22,ATL,22,122,6.4,0.469,0.621,0.069,1.8,10.8,6.2,12,1.2,0.7,11.8,11.7,,0,0.1,0,0.02,,-4.3,0.4,-3.9,-0.1
265,Jonathan Kuminga,PF,20,GSW,49,963,10.7,0.56,0.313,0.283,5.1,12.3,8.7,13.1,1.1,1.9,16.5,19.5,,0,0.8,0.8,0.041,,-3.2,-0.5,-3.7,-0.4
266,Kyle Kuzma,PF,27,WAS,55,1930,14.4,0.542,0.428,0.2,3.1,19.8,11.8,17.3,0.7,1.1,13.2,27.9,,-0.7,1.8,1.1,0.027,,0,-1.4,-1.4,0.3
267,Anthony Lamb,SF,25,GSW,46,906,11.4,0.635,0.654,0.181,5,14,9.6,11.5,1.2,1.4,15,13.9,,1,0.8,1.9,0.098,,-1.2,0.3,-0.8,0.3
268,Jock Landale,C,27,PHO,53,750,16.4,0.588,0.301,0.348,13.6,18.9,16.2,9.3,0.9,2.9,13.7,19.4,,1.1,0.9,2,0.13,,-0.9,-0.5,-1.3,0.1
269,Romeo Langford,SG,23,SAS,32,646,11.4,0.538,0.225,0.181,7.6,8.2,7.9,9.1,1.2,1.4,9.1,15.5,,0.5,0.1,0.5,0.039,,-1.7,-1.7,-3.4,-0.2
270,Jake LaRavia,PF,21,MEM,31,386,6.6,0.528,0.724,0.103,4.4,11.7,8,6.7,1.5,0.9,16.5,11.6,,0,0.5,0.5,0.056,,-4.2,0.8,-3.4,-0.1
271,Zach LaVine,SG,27,CHI,57,2043,18.1,0.597,0.41,0.307,1.7,13.3,7.6,17.6,1.3,0.6,11.4,27.9,,2.5,2.2,4.6,0.109,,2,-0.6,1.4,1.8
272,A.J. Lawson,SG,22,TOT,13,63,14.3,0.622,0.615,0.115,3.7,15,9.3,2.6,0.8,0,3.5,20.3,,0.1,0,0.1,0.091,,-0.7,-2,-2.7,0
272,A.J. Lawson,SG,22,MIN,1,2,34.7,1,0,0,0,54.8,28,0,0,0,0,21.3,,0,0,0,0.38,,-2.3,7.6,5.3,0
272,A.J. Lawson,SG,22,DAL,12,61,13.6,0.608,0.64,0.12,3.8,13.7,8.7,2.7,0.8,0,3.7,20.3,,0.1,0,0.1,0.082,,-0.6,-2.4,-3,0
273,Damion Lee,SG,30,PHO,62,1353,10.9,0.608,0.565,0.248,2.5,13.8,8,9.5,1,0.5,13.6,16.2,,1.1,1.3,2.4,0.085,,-1.2,-0.4,-1.6,0.2
274,Saben Lee,PG,23,TOT,20,294,13.4,0.554,0.226,0.536,3.7,10,6.8,25.1,2.5,0.3,18.1,18.4,,0.2,0.4,0.6,0.096,,-2.6,0.8,-1.7,0
274,Saben Lee,PG,23,PHI,2,10,12.9,0.75,0.25,0,0,0,0,37.4,4.9,0,42.9,31.2,,0,0,0,-0.092,,-3.8,-0.6,-4.4,0
274,Saben Lee,PG,23,PHO,18,284,13.5,0.546,0.225,0.563,3.8,10.4,7,24.7,2.4,0.3,16.7,18,,0.3,0.3,0.6,0.103,,-2.5,0.9,-1.6,0
275,Alex Len,C,29,SAC,14,48,5.3,0.553,0.1,0.4,9.8,26.1,18.1,13.1,0,0,33.8,15.9,,0,0,0,-0.018,,-7.8,-0.5,-8.3,-0.1
276,Kawhi Leonard,SF,31,LAC,36,1186,24.3,0.616,0.275,0.309,4,16.8,10.4,20.7,2.1,1.6,7.6,26.9,,3.5,1.5,4.9,0.199,,5,0.9,6,2.4
277,Meyers Leonard,C,30,MIL,2,20,14.1,0.68,0.8,0.4,10.7,20,15.5,0,2.4,0,14.5,14.5,,0,0,0.1,0.176,,0,1.3,1.2,0
278,Caris LeVert,SG,28,CLE,58,1738,11.3,0.517,0.412,0.244,2.7,12.4,7.6,18.7,1.4,0.7,12.8,19.2,,0.4,2.3,2.6,0.073,,-1.9,0.5,-1.4,0.3
279,Kira Lewis Jr.,PG,21,NOP,15,159,16.1,0.621,0.361,0.246,2.8,17.8,10.2,13.8,1.5,0.6,10.6,20.2,,0.3,0.2,0.5,0.137,,0.4,0.2,0.6,0.1
280,Damian Lillard,PG,32,POR,47,1704,27.4,0.654,0.552,0.447,2.1,11.7,6.9,34.4,1.1,0.7,11.4,33.5,,7.5,0.8,8.3,0.234,,8.7,-1.3,7.5,4.1
281,Nassir Little,SF,22,POR,39,673,12.5,0.608,0.551,0.179,3.1,14.4,8.8,8,1.1,1.8,9,15.1,,0.8,0.4,1.2,0.085,,0.3,-0.9,-0.6,0.2
282,Isaiah Livers,PF,24,DET,39,833,7.7,0.58,0.771,0.156,2.5,10,6.1,4.1,1.1,2.3,10.7,10.9,,0.3,0.3,0.7,0.038,,-2.2,-0.1,-2.3,-0.1
283,Kenneth Lofton Jr.,PF,20,MEM,9,35,9.2,0.428,0.2,0.25,3,12,7.5,21.3,1.4,0,8.3,28.4,,-0.1,0,0,-0.02,,-5.3,-1,-6.3,0
284,Kevon Looney,C,26,GSW,61,1431,17.8,0.664,0,0.419,14.9,27.6,21.3,14.1,1.1,2.2,8.7,10.2,,4.5,1.9,6.4,0.216,,0.9,1.2,2.1,1.5
285,Brook Lopez,C,34,MIL,59,1792,17.2,0.614,0.443,0.197,6.9,15.4,11.3,5.8,0.7,6.6,10.2,18.5,,2.6,3.1,5.7,0.152,,0.4,1.4,1.8,1.7
286,Robin Lopez,C,34,CLE,32,245,11,0.692,0.052,0.276,9.3,10,9.6,8.2,0.2,1.5,24.4,15.7,,0.2,0.2,0.4,0.087,,-3.2,-0.1,-3.3,-0.1
287,Kevin Love,PF,34,TOT,43,869,13.7,0.548,0.693,0.217,5.9,34.8,20.4,13.2,0.5,1,12.5,19.4,,0.6,1.5,2,0.113,,0.8,0.7,1.5,0.8
287,Kevin Love,PF,34,CLE,41,821,13.7,0.555,0.684,0.221,6.1,33.9,20.1,13,0.4,0.8,13.1,19.6,,0.6,1.4,1.9,0.113,,0.8,0.6,1.4,0.7
287,Kevin Love,PF,34,MIA,2,48,13.5,0.409,0.867,0.133,2.3,50.3,25.2,17.3,1,4.3,0,14.6,,0,0.1,0.1,0.115,,-0.3,2.8,2.5,0.1
288,Kyle Lowry,PG,36,MIA,44,1464,12.3,0.552,0.632,0.274,2.9,12.5,7.5,23,1.7,1.2,15.4,17,,1,1.8,2.9,0.094,,-1.1,1,-0.1,0.7
289,Trey Lyles,PF,27,SAC,54,876,15,0.62,0.57,0.297,6.7,19.1,13,7.2,1.1,2.3,11.7,17.9,,1.2,0.8,2,0.111,,0.5,-0.9,-0.4,0.3
290,Théo Maledon,PG,21,CHO,36,581,12.2,0.551,0.401,0.357,1.6,14.5,7.8,19.7,2.2,0.9,16.2,15.5,,0.3,0.5,0.8,0.068,,-2.4,0.7,-1.7,0.1
291,Sandro Mamukelashvili,C,23,MIL,24,217,8.6,0.432,0.552,0.31,8.9,17.5,13.4,9.5,0.9,1.9,12,14.5,,-0.1,0.3,0.3,0.055,,-4,0.3,-3.6,-0.1
292,Terance Mann,SG,26,LAC,62,1454,14.1,0.621,0.365,0.212,4.6,13.2,8.9,13.7,1.1,1.2,11.2,15.5,,2.4,1.2,3.6,0.12,,0,0.2,0.2,0.8
293,Tre Mann,PG,21,OKC,54,983,9.4,0.483,0.528,0.095,2.5,11.1,6.7,11.9,1.6,0.9,10.2,20.8,,-0.7,0.9,0.2,0.009,,-3.3,-1.1,-4.4,-0.6
294,Boban Marjanovi?,C,34,HOU,20,89,27.9,0.714,0.027,0.568,13.4,25.9,19.6,8.3,0.5,1.1,11.5,24.3,,0.3,0,0.4,0.211,,6.2,-1.6,4.6,0.1
295,Lauri Markkanen,SF,25,UTA,56,1924,22.7,0.658,0.448,0.348,5.9,21,13.5,8.4,0.8,1.5,8.8,25.7,,6,1.6,7.6,0.19,,5.1,-1,4.1,3
296,Naji Marshall,SF,25,NOP,56,1379,11.7,0.536,0.399,0.306,3.1,13.8,8.4,13.9,1.6,0.9,12.1,17.5,,0.6,1.4,2,0.07,,-1.6,0,-1.6,0.1
297,Caleb Martin,PF,27,MIA,51,1532,11.3,0.558,0.439,0.187,5,15.3,9.9,7.8,1.7,1.5,11.1,15,,0.7,2.1,2.8,0.086,,-2,0.6,-1.4,0.2
298,Cody Martin,SF,27,CHO,7,134,8.8,0.448,0.389,0.194,6.1,13.1,9.5,10.8,1.4,0.7,4.9,12.8,,0,0.1,0.1,0.042,,-3.7,-1,-4.7,-0.1
299,Kenyon Martin Jr.,SF,22,HOU,60,1595,15.2,0.627,0.322,0.312,6.2,17,11.6,9.1,0.8,1.5,11,16.5,,2.6,0.6,3.2,0.098,,0.3,-1.1,-0.7,0.5
300,Tyrese Martin,SG,23,ATL,13,45,6.3,0.444,0.313,0.125,4.8,9.7,7.2,0,1.1,0,5.6,16.8,,0,0,0,-0.021,,-5.1,-2.2,-7.3,-0.1
301,Garrison Mathews,SG,26,TOT,47,608,9.3,0.569,0.912,0.263,1.8,9.6,5.7,5.2,1.8,0.6,8.6,14.2,,0.5,0.2,0.8,0.06,,-2.3,-0.1,-2.4,-0.1
301,Garrison Mathews,SG,26,HOU,45,602,9.1,0.564,0.912,0.265,1.8,9.5,5.6,5.3,1.8,0.7,8.7,14.3,,0.5,0.2,0.7,0.059,,-2.4,-0.2,-2.5,-0.1
301,Garrison Mathews,SG,26,ATL,2,6,21.8,1.5,1,0,0,18.3,9.1,0,0,0,0,7,,0,0,0,0.216,,9.2,1.6,10.8,0
302,Bennedict Mathurin,SF,20,IND,62,1752,13.8,0.563,0.339,0.465,4.4,11.6,8,7.7,1.1,0.4,10.5,25.4,,1,0.8,1.8,0.051,,-0.8,-2.4,-3.2,-0.5
303,Wesley Matthews,SG,36,MIL,39,608,6.5,0.497,0.805,0.169,5.3,9.4,7.4,4.1,1.3,1.4,10.6,9.8,,0.1,0.8,0.9,0.07,,-3.7,1,-2.6,-0.1
304,Tyrese Maxey,SG,22,PHI,40,1307,15.5,0.562,0.377,0.25,1.5,8.4,5,17.6,1.2,0.4,7.5,25.4,,1.4,1.1,2.5,0.093,,0.2,-1.5,-1.3,0.2
305,Miles McBride,PG,22,NYK,48,596,7.1,0.455,0.64,0.195,1.8,5.8,3.8,12.4,2.2,0.3,10.5,14.3,,-0.2,0.5,0.4,0.029,,-4.4,1,-3.4,-0.2
306,CJ McCollum,SG,31,NOP,54,1890,15.9,0.539,0.407,0.172,2.4,11.4,6.9,25.9,1.3,1.5,11.7,26.8,,1,1.8,2.8,0.072,,1.9,-0.8,1.1,1.4
307,T.J. McConnell,PG,30,IND,59,1152,15.5,0.57,0.115,0.129,3.3,13.3,8.3,37.1,2.4,0.4,21,18.2,,1.1,1,2.1,0.089,,-0.3,0.1,-0.2,0.5
308,Jaden McDaniels,PF,22,MIN,60,1833,11.9,0.608,0.376,0.195,4.7,9.4,7.1,8.9,1.5,2.8,13.2,15.1,,1.5,1.8,3.3,0.087,,-1.7,0.5,-1.2,0.4
309,Jalen McDaniels,SF,25,TOT,61,1580,11.7,0.551,0.401,0.212,3.2,16.6,9.7,10.2,2,1.6,12.5,17,,0.3,1.6,1.9,0.059,,-2.5,0.5,-2.1,0
309,Jalen McDaniels,SF,25,CHO,56,1494,11.7,0.551,0.409,0.211,3,16.6,9.6,10.4,2.1,1.7,12.9,17.3,,0.2,1.5,1.7,0.055,,-2.6,0.5,-2.1,0
309,Jalen McDaniels,SF,25,PHI,5,86,11,0.541,0.2,0.25,6.9,17.5,12.2,8.1,1.1,0,0,11.5,,0.1,0.1,0.2,0.119,,-1.3,0,-1.4,0
310,Doug McDermott,SF,31,SAS,53,1086,10.7,0.588,0.562,0.122,1.6,10.4,5.8,9.9,0.4,0.5,10.2,18.7,,0.7,-0.1,0.6,0.026,,-1,-2.8,-3.8,-0.5
311,JaVale McGee,C,35,DAL,36,293,16.4,0.612,0.038,0.302,11,26.6,18.7,5.8,0.7,6.5,20.5,23.4,,-0.1,0.4,0.4,0.058,,-4.2,-0.4,-4.6,-0.2
312,Bryce McGowens,SG,20,CHO,26,382,7,0.494,0.347,0.295,2.4,10,6.1,9.2,0.9,0.9,12.3,13.3,,-0.1,0.2,0.1,0.009,,-4.2,-1.7,-6,-0.4
313,Rodney McGruder,SG,31,DET,21,217,9.2,0.55,0.719,0.193,5.5,8.9,7.1,9,1.1,0,10.2,13.4,,0.2,0,0.2,0.045,,-1,-1.4,-2.3,0
314,Jordan McLaughlin,PG,26,MIN,26,394,11.4,0.498,0.518,0.118,4.1,7.8,6,25.4,2.4,0.5,19,11.9,,0.3,0.4,0.6,0.078,,-1.5,0.5,-1,0.1
315,De'Anthony Melton,PG,24,PHI,56,1575,13,0.566,0.61,0.12,4,12.9,8.5,13.5,2.9,1.7,12.8,16.7,,0.8,2.4,3.2,0.097,,-0.7,1.7,0.9,1.2
316,Chimezie Metu,C,25,SAC,47,523,17.1,0.659,0.193,0.255,8.5,24.2,16.5,8.8,1.5,2.5,13.5,17,,1,0.6,1.6,0.143,,-0.4,0.2,-0.2,0.2
317,Khris Middleton,SF,31,MIL,19,407,16.1,0.529,0.413,0.229,3.7,16,10,30,1.4,0.6,14.3,28.9,,0.2,0.6,0.8,0.09,,0,0.1,0,0.2
318,Patty Mills,PG,34,BRK,36,479,11.2,0.556,0.644,0.119,1.7,6.4,4.2,13.8,1.3,0.4,10.6,19.4,,0.2,0.3,0.4,0.044,,-1,-1.8,-2.8,-0.1
319,Shake Milton,SG,26,PHI,55,1148,13,0.589,0.285,0.237,2.8,11.9,7.4,20.7,0.8,0.7,14.8,18.9,,1.1,1,2.1,0.089,,-1.1,-0.8,-1.9,0
320,Josh Minott,SF,20,MIN,11,68,22.9,0.59,0.148,0.222,8.4,27.4,18.1,6.5,2.1,7.9,0,18.6,,0.2,0.1,0.3,0.222,,0.3,0.9,1.2,0.1
321,Davion Mitchell,PG,24,SAC,59,1050,8.9,0.538,0.474,0.086,1.4,7.1,4.3,15.6,1.4,1,13.7,14.3,,0.3,0.6,0.9,0.042,,-2.6,-0.5,-3.1,-0.3
322,Donovan Mitchell,SG,26,CLE,53,1875,22.9,0.615,0.475,0.262,3.1,10.2,6.7,23.2,2.2,1,10.9,31.4,,4.4,2.8,7.1,0.182,,5.7,0.8,6.5,4
323,Evan Mobley,PF,21,CLE,62,2117,17.3,0.592,0.112,0.313,8.2,22.3,15.3,11.8,1.2,3.6,13.2,20.4,,2.5,3.7,6.2,0.141,,-0.4,1.5,1.1,1.6
324,Isaiah Mobley,PF,23,CLE,9,26,14.7,0.563,0.25,0,4.6,45,25,0,1.9,0,0,13.8,,0,0.1,0.1,0.152,,-0.1,1.4,1.3,0
325,Chima Moneke,SF,27,SAC,2,8,-3.5,0.347,0,1,29.3,0,14.4,16.1,0,0,41,26.1,,0,0,0,-0.285,,-12.7,-8.1,-20.7,0
326,Malik Monk,SG,24,SAC,57,1300,16.6,0.585,0.478,0.247,2.5,10.5,6.6,24.6,1.3,0.9,14.3,26.2,,1.5,0.8,2.3,0.086,,1.4,-1.7,-0.2,0.6
327,Moses Moody,SG,20,GSW,47,654,9.2,0.566,0.626,0.242,3.4,9.3,6.4,8.4,1.2,0.7,12.2,14.7,,0.3,0.5,0.7,0.052,,-2.3,-1,-3.4,-0.2
328,Wendell Moore Jr.,SG,21,MIN,24,139,7.9,0.459,0.432,0.135,1.6,11,6.4,14.8,2,3.2,16.9,14.5,,-0.1,0.2,0,0.01,,-4.4,1,-3.4,0
329,Ja Morant,PG,23,MEM,50,1628,23.4,0.554,0.251,0.408,3.6,15.4,9.5,41.4,1.5,0.7,12.5,35.1,,3,2.2,5.2,0.154,,5.3,0.6,5.9,3.2
330,Marcus Morris,PF,33,LAC,55,1577,11.5,0.544,0.484,0.142,1.7,14.4,8.1,9.3,1.1,1.2,7.2,18.4,,0.7,1.4,2.1,0.065,,-1.3,-0.2,-1.5,0.2
331,Markieff Morris,PF,33,TOT,28,294,10.6,0.56,0.607,0.119,5.2,17.2,11.4,11.2,1.5,1.5,14.5,15.7,,0.1,0.3,0.4,0.069,,-1.9,-0.2,-2.1,0
331,Markieff Morris,PF,33,BRK,27,285,10.8,0.556,0.598,0.122,5.4,17.7,11.8,11.5,1.4,1.5,13.9,15.7,,0.1,0.3,0.4,0.071,,-1.7,-0.3,-2,0
331,Markieff Morris,PF,33,DAL,1,9,4.1,0.75,1,0,0,0,0,0,5.6,0,33.3,15.1,,0,0,0,-0.007,,-7.8,3.8,-4,0
332,Monte Morris,PG,27,WAS,51,1433,14.8,0.588,0.405,0.16,1.6,11.4,6.7,25.9,1.3,0.5,10,15.2,,2.7,1.1,3.8,0.127,,0.7,-0.3,0.5,0.9
333,Trey Murphy III,SF,22,NOP,58,1694,14,0.634,0.598,0.219,3,11,6.9,6,1.6,1.6,7.3,15.9,,2.8,1.8,4.6,0.129,,0.7,0.1,0.8,1.2
334,Dejounte Murray,SG,26,ATL,56,2040,17.7,0.548,0.313,0.134,2.1,14.4,8.2,24.5,2,0.8,10.5,24.8,,1.9,2,3.9,0.091,,1.6,0.1,1.8,1.9
335,Jamal Murray,PG,25,DEN,48,1563,18,0.563,0.391,0.224,2.9,11.3,7.2,26.6,1.5,0.5,10.7,26.4,,2.4,1.3,3.8,0.116,,2.5,-1.4,1,1.2
336,Keegan Murray,SF,22,SAC,58,1725,12.1,0.592,0.62,0.116,4.5,13.1,8.8,4.9,1.2,1.6,7.7,15.9,,1.6,1.3,2.9,0.081,,0.3,-1.1,-0.8,0.5
337,Mike Muscala,C,31,TOT,46,698,13.9,0.605,0.705,0.175,3.6,19.5,11.5,7.7,0.8,2.6,6,16.1,,1.1,0.8,1.9,0.131,,0.4,-0.3,0.1,0.4
337,Mike Muscala,C,31,OKC,43,622,13.9,0.602,0.7,0.192,3.9,19.7,11.6,8.1,0.8,2.8,6,15.7,,1,0.7,1.7,0.134,,0.4,-0.2,0.1,0.3
337,Mike Muscala,C,31,BOS,3,76,14.2,0.627,0.742,0.065,1.5,18.5,10.1,4,0.6,1.1,5.9,19.5,,0.1,0.1,0.2,0.102,,0.7,-1,-0.3,0
338,Svi Mykhailiuk,SF,25,TOT,15,71,10.2,0.597,0.64,0.24,1.4,12.2,6.8,4,0.7,0,12.6,18.8,,0,0,0,0.031,,-1,-1.7,-2.7,0
338,Svi Mykhailiuk,SF,25,NYK,13,40,16.1,0.739,0.833,0.417,0,18.9,9.4,3.6,1.2,0,12.3,17.4,,0.1,0,0.1,0.147,,3.5,0.5,4,0.1
338,Svi Mykhailiuk,SF,25,CHO,2,31,2.7,0.446,0.462,0.077,3.3,3.5,3.4,4.6,0,0,13,20.7,,-0.1,0,-0.1,-0.118,,-6.9,-4.4,-11.3,-0.1
339,Larry Nance Jr.,PF,30,NOP,50,1113,17,0.654,0.144,0.27,9,20.8,14.9,11.8,1.9,2.9,11.2,12.6,,2.4,1.6,4,0.172,,0.5,1.8,2.2,1.2
340,Andrew Nembhard,SG,23,IND,55,1482,8.7,0.516,0.463,0.072,2,9.1,5.5,20.5,1.8,0.6,17.6,14.8,,-0.2,0.9,0.7,0.022,,-3.1,-0.2,-3.2,-0.5
341,Aaron Nesmith,SF,23,IND,55,1354,9.9,0.552,0.527,0.227,3.7,13.2,8.4,6.9,1.5,1.5,9.5,16.6,,0.5,1,1.5,0.053,,-2.7,-0.4,-3.1,-0.4
342,Raul Neto,PG,30,CLE,41,418,13.1,0.635,0.404,0.281,2,9.2,5.7,18.8,1.9,0.7,12.3,12.2,,0.8,0.6,1.4,0.157,,-1.3,2.2,1,0.3
343,Georges Niang,PF,29,PHI,57,1118,11.6,0.612,0.769,0.083,1.8,12.6,7.3,8.4,1,0.9,9.3,17.6,,1,1.1,2,0.087,,0,-0.8,-0.8,0.3
344,Daishen Nix,PG,20,HOU,43,690,7,0.474,0.628,0.18,1.9,9.9,5.9,21.2,2,0.9,24.7,14.8,,-0.7,0.3,-0.4,-0.028,,-4.1,-0.7,-4.8,-0.5
345,Zeke Nnaji,PF,22,DEN,44,584,13.4,0.634,0.296,0.355,11.5,8.9,10.1,2.5,1.3,2.9,10.2,14.5,,1,0.6,1.5,0.126,,-1.9,-1.2,-3,-0.2
346,Nerlens Noel,C,28,DET,14,152,10,0.465,0.067,0.333,5,22.4,13.5,6.2,4.1,5.2,18.9,11.8,,-0.1,0.3,0.1,0.041,,-5,3,-2,0
347,Jaylen Nowell,SG,23,MIN,62,1207,13.8,0.527,0.376,0.162,3.2,11.8,7.6,15.7,1.5,0.3,8.8,24.9,,0.2,1,1.2,0.048,,-1.3,-1.1,-2.4,-0.1
348,Frank Ntilikina,PG,24,DAL,38,464,4,0.432,0.541,0.224,1.5,11.4,6.3,13.1,1.1,0.8,18.8,13,,-0.6,0.3,-0.3,-0.03,,-6.6,-0.9,-7.5,-0.6
349,Kendrick Nunn,SG-PG,27,TOT,52,755,10.2,0.52,0.491,0.092,1.7,9.6,5.8,12.8,1.2,0.3,11.6,22.4,,-0.5,0.5,0,0.003,,-2.6,-1.7,-4.2,-0.4
349,Kendrick Nunn,SG,27,LAL,39,528,8.8,0.503,0.502,0.084,1,9.7,5.5,9.3,1,0.5,10.6,23.2,,-0.6,0.4,-0.3,-0.026,,-3.4,-1.8,-5.2,-0.4
349,Kendrick Nunn,PG,27,WAS,13,227,13.6,0.569,0.46,0.115,3.1,9.4,6.4,21,1.7,0,14.1,20.4,,0.2,0.2,0.3,0.071,,-0.6,-1.3,-2,0
350,Jusuf Nurki?,C,28,POR,45,1227,18,0.598,0.226,0.381,9.8,30.2,20.1,16.1,1.6,2.8,17.5,22.3,,1.3,1.6,2.9,0.112,,-0.2,0.8,0.6,0.8
351,Jordan Nwora,SF,24,TOT,42,663,10.6,0.524,0.509,0.202,5,15.6,10.5,9.8,1.1,0.9,13,18.1,,0,0.9,0.9,0.062,,-1.9,-0.5,-2.4,0
351,Jordan Nwora,SF,24,MIL,38,597,10.3,0.53,0.518,0.218,5.2,14.8,10.1,8.6,1,1,13.6,17.6,,0,0.8,0.8,0.066,,-2,-0.4,-2.4,0
351,Jordan Nwora,SF,24,IND,4,66,13.8,0.48,0.452,0.097,3.3,23.4,13.4,20.7,2.2,0,8.5,22.4,,0,0.1,0,0.032,,-1.1,-1.2,-2.2,0
352,Royce O'Neale,SF,29,BRK,57,1881,9.1,0.548,0.698,0.102,2.3,13.6,8.2,14.9,1.2,1.8,16,13.4,,0.4,1.6,2.1,0.052,,-1.5,0.1,-1.4,0.3
353,Chuma Okeke,SF,24,ORL,19,404,9.4,0.504,0.693,0.239,5.9,16,11,8.6,1.3,2.2,9.3,11.5,,0.2,0.4,0.6,0.074,,-2.1,0.8,-1.3,0.1
354,Josh Okogie,SG,24,PHO,52,813,14.9,0.547,0.443,0.431,10.6,13.1,11.8,10.9,2.3,2.4,12.9,18.8,,0.8,1.1,1.9,0.112,,-0.3,0.7,0.4,0.5
355,Onyeka Okongwu,C,22,ATL,59,1419,17.9,0.663,0.014,0.335,11.8,21.5,16.6,5.7,1.3,4.6,12,14.1,,3.2,1.9,5,0.171,,-0.7,0.8,0.2,0.8
356,Isaac Okoro,SF,22,CLE,64,1358,10.8,0.607,0.481,0.297,3.8,10.5,7.2,7.2,1.6,1.8,10,12.2,,1.5,1.9,3.4,0.12,,-1.8,1.6,-0.2,0.6
357,KZ Okpala,PF,23,SAC,35,248,6.3,0.554,0.553,0.211,3.3,12.4,7.9,6.3,1.3,2.4,14.4,8.4,,0.1,0.2,0.3,0.058,,-4.3,1.1,-3.3,-0.1
358,Victor Oladipo,SG,30,MIA,28,780,10.5,0.491,0.485,0.21,1.8,12.5,6.9,20.1,2.7,0.8,14.9,19.7,,-0.6,1.2,0.6,0.037,,-3.6,1.3,-2.3,-0.1
359,Kelly Olynyk,C,31,UTA,50,1408,14,0.638,0.438,0.374,4.9,15.9,10.4,15.8,1.6,1.7,18.9,17.4,,1.9,1.3,3.2,0.109,,-0.5,0.7,0.2,0.8
360,Eugene Omoruyi,SF,25,OKC,23,272,10.7,0.531,0.33,0.298,8.5,12,10.2,5.5,2.4,0,13.1,18.8,,0,0.3,0.3,0.053,,-4.3,-0.6,-4.9,-0.2
361,Cedi Osman,SF,27,CLE,60,1261,11.7,0.569,0.567,0.205,1.7,10.9,6.4,10.6,1.2,0.6,8.6,18.2,,0.9,1.5,2.5,0.094,,-1.2,0.3,-0.9,0.4
362,Kelly Oubre Jr.,SF,27,CHO,37,1187,14.3,0.517,0.414,0.233,4.7,12.5,8.5,5.6,2.2,1,6.2,26.4,,-0.1,1,0.9,0.038,,-0.8,-1,-1.8,0
363,Chris Paul,PG,37,PHO,41,1318,17.4,0.546,0.368,0.284,1.2,13.5,7.2,39,2.3,1.2,14.1,19.6,,2.3,1.7,4.1,0.148,,1.6,1.3,2.9,1.6
364,Cameron Payne,PG,28,PHO,30,695,13.2,0.512,0.414,0.164,1.6,9.9,5.7,31.8,1.8,0.6,14.5,24.9,,0,0.7,0.8,0.052,,-0.6,-0.9,-1.4,0.1
365,Gary Payton II,PG,30,POR,15,255,11.5,0.713,0.415,0.098,4.6,13.1,8.9,11.4,3.1,0.3,21.9,9.4,,0.3,0.3,0.6,0.107,,-1.9,1.5,-0.4,0.1
366,Theo Pinson,SG,27,DAL,33,238,8.6,0.501,0.712,0.186,3.9,15.6,9.6,16.8,0.8,0.4,12.4,13.9,,0.1,0.2,0.3,0.055,,-2.7,-1.1,-3.8,-0.1
367,Scotty Pippen Jr.,PG,22,LAL,6,32,9.7,0.439,0.25,0.75,6.9,6.4,6.6,8.2,2.9,2.6,11.1,23.6,,-0.1,0,0,-0.022,,-5.1,-0.9,-6,0
368,Mason Plumlee,C,32,TOT,60,1684,20.2,0.682,0,0.665,11.8,24.7,18,18.3,1.1,2,14.9,15.3,,4.7,1.7,6.5,0.184,,1.6,0.8,2.5,1.9
368,Mason Plumlee,C,32,CHO,56,1597,20.1,0.673,0,0.646,12,24.3,17.9,18.4,1,1.9,14.6,15.5,,4.4,1.6,6,0.18,,1.6,0.7,2.3,1.8
368,Mason Plumlee,C,32,LAC,4,87,21.4,0.959,0,1.4,7.8,32,20,17.5,1.7,3.1,23.6,10.6,,0.3,0.1,0.5,0.268,,1.9,3,5,0.1
369,Jakob Poeltl,C,27,TOT,52,1362,21,0.636,0.002,0.348,13.5,25.8,19.4,16.6,1.6,4,16.7,18.4,,2.5,1.3,3.8,0.134,,1.1,0.6,1.6,1.2
369,Jakob Poeltl,C,27,SAS,46,1199,19.9,0.625,0.003,0.332,13.5,25.4,19.2,17,1.4,3.6,17.8,18.7,,1.9,0.9,2.8,0.114,,0.6,0.1,0.7,0.8
369,Jakob Poeltl,C,27,TOR,6,163,28.6,0.719,0,0.469,13.6,28.4,20.4,13.7,3,7.2,7.8,16.7,,0.6,0.3,1,0.287,,4.5,3.6,8.1,0.4
370,Aleksej Pokusevski,PF,21,OKC,31,677,14.1,0.53,0.416,0.136,7,18.1,12.4,12.4,1.4,5.5,13.7,18.4,,0.1,0.9,1.1,0.076,,-0.6,1.1,0.5,0.4
371,Jordan Poole,PG,23,GSW,61,1873,14.1,0.567,0.492,0.293,1.5,8.4,5,22.6,1.3,0.7,15.2,29.4,,0.4,1.3,1.7,0.044,,-0.4,-2,-2.4,-0.2
372,Kevin Porter Jr.,PG,22,HOU,40,1359,15.4,0.551,0.413,0.299,4.4,13.2,8.8,26.4,1.9,1.2,17,25.5,,0.5,0.7,1.2,0.044,,0.8,-0.9,-0.1,0.7
373,Michael Porter Jr.,SF,24,DEN,45,1320,15.9,0.612,0.558,0.145,3.8,17.3,10.8,4.8,1.1,1.5,7.3,22.2,,1.7,1.3,3,0.108,,1.2,-1.8,-0.6,0.5
374,Otto Porter Jr.,SF,29,TOR,8,146,14.1,0.656,0.567,0.267,4.3,10.9,7.3,7.3,3.7,0,10.7,10.9,,0.2,0.2,0.4,0.14,,-1.3,1.9,0.6,0.1
375,Bobby Portis,PF,27,MIL,49,1301,18.8,0.574,0.299,0.133,10.3,28.1,19.5,10.3,0.8,0.8,9,21.8,,2,2.2,4.2,0.155,,1.7,-0.3,1.4,1.1
376,Kristaps Porzi??is,C,27,WAS,51,1663,22.7,0.624,0.36,0.463,6.7,21.8,14.6,12.2,1.3,4,10.7,27.3,,3.9,2.3,6.1,0.177,,3.5,0.3,3.8,2.4
377,Micah Potter,PF,24,UTA,3,14,17,1,0,0,7.9,15.4,11.7,19.5,0,0,0,6,,0.1,0,0.1,0.234,,2.3,1.5,3.8,0
378,Dwight Powell,C,31,DAL,57,1137,15.6,0.739,0.015,0.667,12,13.8,12.9,5.9,1.7,1.8,16.5,12.6,,3,1.1,4.1,0.171,,-1.4,0.1,-1.3,0.2
379,Norman Powell,SG,29,LAC,52,1347,17.8,0.622,0.417,0.387,1.7,11.2,6.4,11,1.5,1.1,10.9,25.9,,2.1,1.2,3.3,0.118,,1.5,-0.7,0.8,1
380,Jason Preston,PG,23,LAC,13,122,10.6,0.489,0.439,0.049,1.8,18.3,10.1,32.1,0.8,0,19.3,18.6,,0,0.1,0.1,0.023,,-2.1,-0.5,-2.6,0
381,Joshua Primo,SG,20,SAS,4,93,6.2,0.467,0.462,0.346,2.3,13.7,7.7,24.4,0.5,1.8,26.9,18.2,,-0.2,0,-0.1,-0.076,,-4.6,-1.9,-6.5,-0.1
382,Taurean Prince,SF,28,MIN,37,787,10.6,0.623,0.534,0.153,1.6,11,6.4,10.3,1.1,1.6,15.2,16.1,,0.4,0.7,1.1,0.067,,-2,-0.3,-2.3,-0.1
383,Payton Pritchard,PG,25,BOS,42,536,9.1,0.518,0.622,0.067,4.4,8.3,6.4,11.7,1.3,0.2,13.1,18.7,,-0.2,0.5,0.3,0.03,,-3,-1.1,-4.1,-0.3
384,Trevelin Queen,SG,25,IND,7,70,6.1,0.337,0.517,0.172,12.6,14.2,13.4,11.3,1.4,6.3,18.3,22.9,,-0.3,0.1,-0.2,-0.128,,-5.6,-1.5,-7.1,-0.1
385,Neemias Queta,C,23,SAC,4,25,17.8,0.676,0,0.25,18.7,22.8,20.8,6.1,0,3.4,10.1,16.9,,0.1,0,0.1,0.164,,-2.3,-0.7,-3.1,0
386,Immanuel Quickley,PG,23,NYK,61,1693,14.6,0.565,0.484,0.244,2.7,13.2,7.9,16.3,1.5,0.6,9,19.1,,2.6,1.6,4.3,0.121,,0.4,0.5,0.9,1.2
387,Julius Randle,PF,28,NYK,62,2221,21.2,0.585,0.438,0.375,6.4,25.5,15.9,18.8,0.9,0.8,11.5,29,,4.6,2.8,7.3,0.158,,4.4,0,4.5,3.6
388,Austin Reaves,SG,24,LAL,43,1190,12.1,0.657,0.485,0.433,2.3,8.8,5.7,10.5,0.9,1.1,13.9,14.2,,1.7,0.8,2.5,0.101,,-1,0,-1,0.3
389,Cam Reddish,SF,23,TOT,25,573,12,0.574,0.467,0.234,1.9,6.3,4.1,8.2,2,1.5,9.4,16.8,,0.5,0.5,1,0.087,,-1.6,-0.2,-1.8,0
389,Cam Reddish,SF,23,NYK,20,438,10.7,0.558,0.412,0.243,1.7,5.9,3.8,6.4,1.7,1.7,9.1,16.2,,0.3,0.4,0.7,0.074,,-2.2,0,-2.2,0
389,Cam Reddish,SF,23,POR,5,135,15.9,0.62,0.625,0.208,2.6,7.7,5.2,14.1,2.9,0.7,10.3,18.9,,0.2,0.1,0.4,0.127,,0.3,-0.9,-0.6,0
390,Davon Reed,SG,27,TOT,38,333,6,0.47,0.549,0.293,3.6,16.2,10.1,7.6,2,1.1,17.8,14.7,,-0.4,0.4,0,0.003,,-5.2,-0.2,-5.4,-0.3
390,Davon Reed,SG,27,DEN,35,315,5.3,0.456,0.55,0.25,3.4,16.5,10.1,7.3,2,1.1,18.4,15,,-0.4,0.4,-0.1,-0.008,,-5.6,-0.4,-6,-0.3
390,Davon Reed,SG,27,LAL,3,18,18.2,0.798,0.5,2,6.1,11.4,8.9,14.3,2.6,0,0,8.8,,0.1,0,0.1,0.204,,2,2.8,4.7,0
391,Paul Reed,C,23,PHI,46,433,16,0.596,0.038,0.208,15,23.3,19.2,4.7,3.4,6.1,19.5,14.8,,0.3,1,1.3,0.147,,-3.9,2.3,-1.6,0
392,Naz Reid,C,23,MIN,55,993,18.2,0.607,0.391,0.204,7.3,22.5,15.1,9.1,1.6,4.4,12.8,23.7,,0.8,1.5,2.3,0.112,,-0.2,0.6,0.5,0.6
393,Jared Rhoden,SG,23,DET,1,12,-3,0.333,0.333,0,0,9.5,4.6,0,0,0,0,10.6,,0,0,0,-0.085,,-12.5,-4.2,-16.7,0
394,Nick Richards,C,25,CHO,47,815,18.8,0.654,0,0.563,14.4,21,17.6,3.9,0.5,4.9,12,16.6,,1.9,0.8,2.7,0.16,,-0.7,-0.9,-1.6,0.1
395,Josh Richardson,SG,29,TOT,46,1112,14,0.556,0.516,0.158,3,10.2,6.4,18.8,2.3,1.1,12.6,20.2,,0.7,0.5,1.3,0.055,,-0.2,-0.5,-0.7,0.4
395,Josh Richardson,SG,29,SAS,42,997,13.9,0.556,0.51,0.148,3.2,10.3,6.6,19.3,1.9,0.9,12.7,20.6,,0.7,0.3,0.9,0.046,,0,-1.2,-1.2,0.2
395,Josh Richardson,SG,29,NOP,4,115,15.4,0.557,0.583,0.278,1,8.9,4.9,14.3,5.9,2.5,11,16.8,,0.1,0.2,0.3,0.132,,-2,6,4,0.2
396,Austin Rivers,SG,30,MIN,48,996,7.7,0.577,0.593,0.191,0.6,8.4,4.6,9.1,1.3,0.3,9.4,10.5,,0.6,0.7,1.3,0.064,,-3.2,0.4,-2.8,-0.2
397,Duncan Robinson,SF,28,MIA,31,549,7.4,0.513,0.814,0.117,1.6,11.2,6.2,9.9,1.1,0,9.6,17.5,,-0.1,0.5,0.4,0.035,,-3.8,-1.3,-5.1,-0.4
398,Mitchell Robinson,C,24,NYK,40,1078,18.9,0.67,0,0.425,17.2,19.2,18.2,4.7,1.6,6.1,8.3,9.6,,3,1.7,4.7,0.209,,1.1,1.7,2.7,1.3
399,Orlando Robinson,C,22,MIA,29,397,13.7,0.572,0.058,0.337,12.2,22.5,17.1,7.7,1.5,3.1,13.2,12.6,,0.5,0.6,1.1,0.137,,-3,0.9,-2.1,0
400,Jeremiah Robinson-Earl,PF,22,OKC,31,624,14.2,0.566,0.449,0.173,9.3,15,12.1,6.4,1.6,1.6,7,15.2,,0.9,0.7,1.6,0.122,,-0.1,-0.3,-0.4,0.3
401,Isaiah Roby,PF,24,SAS,42,474,9.4,0.497,0.387,0.265,4.7,21,12.5,10.7,1.8,1.2,15.2,17.8,,-0.4,0.3,-0.1,-0.013,,-4,-0.8,-4.7,-0.3
402,David Roddy,PF,21,MEM,48,835,7.9,0.51,0.502,0.176,3.9,11.9,7.9,4.7,1.3,1.3,13,16.6,,-0.5,1,0.6,0.032,,-4,-0.2,-4.2,-0.5
403,Ryan Rollins,PG,20,GSW,12,62,-1.4,0.508,0.45,0.3,5.4,15.8,10.6,12.5,0.8,1.4,41.4,26.2,,-0.3,0.1,-0.3,-0.221,,-11.4,-3.8,-15.3,-0.2
404,Derrick Rose,PG,34,NYK,27,338,10.3,0.463,0.396,0.075,2.6,10.2,6.4,20.3,1,1.4,11.8,23.6,,-0.3,0.3,0,0.002,,-2.2,-1.5,-3.7,-0.1
405,Terrence Ross,SG,31,TOT,45,1009,9,0.542,0.54,0.067,1.2,9.7,5.4,8.6,1.3,0.8,9.9,16,,0,0.8,0.8,0.037,,-2.4,-0.4,-2.8,-0.2
405,Terrence Ross,SG,31,ORL,42,944,8.7,0.543,0.535,0.067,1.2,9,5.1,8.3,1.3,0.8,10.7,15.8,,-0.1,0.7,0.6,0.031,,-2.6,-0.5,-3.1,-0.2
405,Terrence Ross,SG,31,PHO,3,65,13.3,0.535,0.586,0.069,1.7,19.2,10.2,14,0.8,0,0,19.6,,0.1,0.1,0.2,0.117,,-0.3,0.4,0.1,0
406,Terry Rozier,SG,28,CHO,51,1814,14.8,0.518,0.427,0.189,2.7,10,6.2,21.1,1.5,0.6,9.2,26.6,,0.4,1.1,1.5,0.04,,0.7,-1.5,-0.8,0.6
407,Ricky Rubio,PG,32,CLE,16,267,11.5,0.424,0.557,0.227,1.8,14.5,8.2,28,3.4,0.7,11.8,18.4,,-0.1,0.5,0.4,0.076,,-4,2.4,-1.7,0
408,D'Angelo Russell,PG,26,TOT,58,1877,16.3,0.601,0.514,0.234,1.8,8.7,5.3,27.1,1.5,1,15.3,22.7,,2.6,1.5,4.1,0.104,,1.9,-0.8,1.1,1.5
408,D'Angelo Russell,PG,26,MIN,54,1778,16.3,0.604,0.521,0.23,1.8,8.4,5.2,27,1.6,1.1,15.5,22.7,,2.4,1.5,3.9,0.105,,2,-0.8,1.2,1.4
408,D'Angelo Russell,PG,26,LAL,4,99,15.9,0.554,0.395,0.302,2.2,12.5,7.5,29,0.5,0,11,23.3,,0.1,0.1,0.2,0.096,,0.7,-0.6,0.1,0.1
409,Matt Ryan,SF,25,TOT,32,303,8.4,0.543,0.776,0.112,1.5,7.3,4.5,6.6,0.8,0.3,5.9,16.7,,0.1,0.2,0.3,0.043,,-1.7,-1.6,-3.3,-0.1
409,Matt Ryan,SF,25,LAL,12,129,4.7,0.459,0.714,0.102,1.7,9.6,5.8,4,0.7,0,5.5,17.7,,-0.1,0.1,-0.1,-0.019,,-4.3,-1.6,-5.9,-0.1
409,Matt Ryan,SF,25,MIN,20,174,11.1,0.614,0.828,0.121,1.3,5.7,3.5,8.5,0.8,0.5,6.1,15.9,,0.2,0.1,0.3,0.089,,0.3,-1.6,-1.4,0
410,Domantas Sabonis,C,26,SAC,58,2002,22.9,0.671,0.103,0.475,10.1,31,20.7,28.8,1.2,1.1,17.5,21,,6.7,2.3,9,0.216,,3.6,1.8,5.4,3.7
411,Dario ari?,PF,28,TOT,41,579,12.5,0.557,0.401,0.266,7.8,21.7,14.6,14.4,1.2,0.8,16.4,18.8,,0.3,0.7,1,0.087,,-2.2,0.2,-2,0
411,Dario ari?,PF,28,PHO,37,533,12.4,0.545,0.388,0.247,7.9,21.9,14.7,14.9,1.2,0.8,15.4,18.7,,0.3,0.7,1,0.087,,-2.2,0.3,-1.9,0
411,Dario ari?,PF,28,OKC,4,46,13.2,0.703,0.571,0.5,6.9,19,12.8,8.8,1,0,26,20.9,,0,0,0.1,0.088,,-2.6,-0.1,-2.8,0
412,Jordan Schakel,SF,24,WAS,2,6,24.5,0.75,0.5,0,0,0,0,23.8,8.1,0,0,14.5,,0,0,0,0.32,,7.7,9.4,17.2,0
413,Admiral Schofield,PF,25,ORL,28,354,11.5,0.613,0.587,0.207,6.1,10.6,8.3,9.2,0.8,0.8,5.6,13,,0.7,0.2,0.9,0.126,,-1.3,-0.4,-1.7,0
414,Dennis Schröder,PG,29,LAL,47,1441,11.4,0.559,0.359,0.386,1,7.6,4.4,18.6,1.1,0.4,12.5,17.5,,1.2,0.9,2.1,0.07,,-2.4,-0.6,-3,-0.4
415,Dereon Seabron,SG,22,NOP,5,12,4.6,0.4,0,0,9.3,0,4.7,0,0,0,0,17.7,,0,0,0,-0.036,,-6.5,-4.9,-11.4,0
416,Alperen ?engün,C,20,HOU,55,1547,20.4,0.605,0.067,0.371,12.5,21.7,17.1,21.7,1.4,3.2,16.8,21.8,,2.8,1.3,4.1,0.126,,1.4,0.3,1.7,1.5
417,Collin Sexton,SG,24,UTA,47,1129,16.2,0.62,0.258,0.434,3.6,6.4,5,17.8,1.1,0.4,13.4,23.2,,2.2,0.5,2.6,0.112,,0.3,-1.5,-1.2,0.2
418,Landry Shamet,SG,25,PHO,30,642,11.1,0.546,0.669,0.186,1.3,7.6,4.4,14.5,1.4,0.7,10,19.3,,0.4,0.5,1,0.073,,-0.7,-0.5,-1.2,0.1
419,Day'Ron Sharpe,C,21,BRK,33,343,15.3,0.576,0.059,0.267,19,22.7,20.9,10.2,0.9,4.5,20.4,18.5,,0.3,0.4,0.8,0.108,,-3.2,-0.9,-4.1,-0.2
420,Shaedon Sharpe,SG,19,POR,59,1192,9.9,0.555,0.421,0.121,4.4,9.9,7.2,4.6,0.9,1.1,9.1,16.9,,0.4,0.5,0.8,0.034,,-2.1,-2,-4.1,-0.6
421,Pascal Siakam,C,28,TOR,52,1951,21.1,0.569,0.218,0.394,5.1,19.1,11.6,26.4,1.1,1.4,10.2,28.1,,4.1,1.7,5.9,0.144,,3.9,-0.4,3.5,2.7
422,Chris Silva,PF,26,DAL,1,3,-2.1,1,0,0,0,0,0,0,0,0,50,30.2,,0,0,0,-0.259,,-22.5,-0.1,-22.6,0
423,Ben Simmons,PG,26,BRK,42,1105,13.6,0.559,0.009,0.243,4.3,22.1,13.5,30.6,2.4,1.9,27.2,14.4,,0.6,1.6,2.2,0.096,,-2.1,2.4,0.3,0.6
424,Marko Simonovic,C,23,CHI,3,5,-10.7,0,1,0,0,0,0,0,0,0,0,8.8,,0,0,0,-0.198,,-15.9,-5.8,-21.7,0
425,Anfernee Simons,SG,23,POR,56,1990,15.2,0.587,0.543,0.169,0.9,7.8,4.4,18.6,1,0.6,10.6,25,,2.5,0.6,3.1,0.076,,1.5,-2.3,-0.7,0.6
426,Jericho Sims,C,24,NYK,48,771,14.1,0.774,0.01,0.154,13,19.4,16.2,4.2,1,3.4,18.4,7.6,,1.6,1,2.6,0.159,,-1,0.6,-0.5,0.3
427,Marcus Smart,PG,28,BOS,44,1421,12.7,0.544,0.559,0.187,2.5,9.3,6,29.2,2.1,1,19,17.1,,1.1,1.8,2.9,0.099,,-1.2,0.5,-0.8,0.4
428,Dennis Smith Jr.,PG,25,CHO,40,1005,11.4,0.492,0.241,0.204,1.6,10.1,5.7,23.8,2.7,1.5,15.1,17,,-0.2,1,0.8,0.036,,-3.8,1,-2.7,-0.2
429,Dru Smith,SG,25,TOT,8,97,11.1,0.478,0.435,0,1.1,16.7,8.9,14.3,4.1,3.2,8,11.4,,0,0.2,0.2,0.101,,-4.4,4.6,0.1,0.1
429,Dru Smith,SG,25,MIA,5,67,7.2,0.393,0.429,0,1.6,14.4,7.7,10.2,3,4.6,6.7,9.9,,0,0.1,0.1,0.06,,-6.3,3.2,-3,0
429,Dru Smith,SG,25,BRK,3,30,19.8,0.611,0.444,0,0,21.9,11.4,23.5,6.5,0,10,14.9,,0.1,0.1,0.1,0.194,,-0.3,7.5,7.2,0.1
430,Ish Smith,PG,34,DEN,31,315,6.7,0.436,0.061,0.02,1.5,14,7.9,30.6,0.9,1.7,27,18.9,,-0.6,0.3,-0.3,-0.047,,-5.3,-1.3,-6.6,-0.4
431,Jabari Smith Jr.,PF,19,HOU,57,1718,9.9,0.496,0.482,0.234,4.8,21,12.8,5.9,0.8,3.2,10.9,18.5,,-0.5,1.1,0.6,0.016,,-3.3,-1.2,-4.5,-1.1
432,Jalen Smith,PF,22,IND,52,948,15.3,0.55,0.397,0.261,10.8,23.1,17,7.5,0.9,4.1,11.8,21.4,,0.5,1,1.5,0.075,,-1.2,-0.9,-2.2,0
433,Jeremy Sochan,PF,19,SAS,49,1274,10.8,0.506,0.245,0.21,7,14.3,10.5,13.2,1.3,1.4,14.5,18.8,,-0.4,0.4,0,0,,-2.8,-1.5,-4.3,-0.7
434,Jaden Springer,SG,20,PHI,7,26,26.1,0.618,0,0.333,18.2,13.4,15.8,6.8,3.8,7.1,6.8,25.3,,0.1,0.1,0.1,0.253,,-1,2.6,1.6,0
435,Lamar Stevens,PF,25,CLE,45,784,9.5,0.532,0.332,0.196,4.3,16,10.2,4.5,1.2,1.6,8.9,13.6,,0.2,1.1,1.3,0.079,,-2.9,0.4,-2.5,-0.1
436,Isaiah Stewart,C,21,DET,50,1414,13.2,0.56,0.465,0.338,8.8,23.2,15.8,7.3,0.7,2.1,11.8,17.2,,1.1,0.9,2,0.069,,-0.9,-1.2,-2.1,-0.1
437,Max Strus,SF,26,MIA,59,1767,10.7,0.54,0.701,0.123,2.7,11.6,6.9,11.2,1,0.6,8,18.1,,0.8,1.8,2.6,0.07,,-1.2,-0.6,-1.9,0.1
438,Jalen Suggs,PG,21,ORL,36,828,12.2,0.521,0.465,0.278,4.4,9.2,6.8,21.2,2.6,2.2,17.4,20.4,,-0.2,1,0.8,0.044,,-2,0.9,-1.2,0.2
439,Edmond Sumner,SG,27,BRK,46,669,14.4,0.594,0.329,0.386,1.9,10,6.1,13.9,2.2,1.2,13.3,22.1,,0.6,0.6,1.2,0.089,,-2.1,-0.2,-2.3,0
440,Cole Swider,SF,23,LAL,6,40,7.7,0.5,0.889,0,2.7,15.4,9.3,12.3,0,0,0,9.5,,0,0,0.1,0.077,,-2.9,-0.6,-3.5,0
441,Jae'Sean Tate,SF,27,HOU,22,474,10.8,0.524,0.196,0.266,7.6,11.4,9.4,18,1.4,0.8,16.6,18.4,,0.1,0.2,0.2,0.025,,-3.6,-1.3,-4.9,-0.3
442,Jayson Tatum,PF,24,BOS,57,2129,23.8,0.605,0.436,0.398,3.3,22.2,12.9,20.7,1.4,1.8,10.5,32.9,,4.9,3.1,8,0.181,,4.9,0.4,5.3,3.9
443,Terry Taylor,PF,23,TOT,27,232,9.3,0.521,0.269,0.104,10.4,8.1,9.3,5.9,0.6,1.9,11.4,14.3,,0.1,0.1,0.2,0.032,,-3.3,-1.8,-5.1,-0.2
443,Terry Taylor,PF,23,IND,26,228,8.8,0.507,0.277,0.108,10.6,8.2,9.4,6,0.6,1.9,11.7,14.2,,0,0.1,0.1,0.027,,-3.4,-1.9,-5.3,-0.2
443,Terry Taylor,PF,23,CHI,1,4,33.6,1,0,0,0,0,0,0,0,0,0,21.9,,0,0,0,0.31,,4.6,4,8.6,0
444,Garrett Temple,SG,36,NOP,19,133,10.5,0.542,0.568,0.108,1.7,8.5,5.1,9.9,3.3,0.7,7.2,13.3,,0.1,0.2,0.3,0.094,,-3.2,2.1,-1.1,0
445,Dalen Terry,SG,20,CHI,25,127,12.5,0.518,0.375,0.25,6.3,10.4,8.4,16.1,1.5,3,11.9,17.4,,0,0.2,0.2,0.077,,-0.8,0.9,0.1,0.1
446,Daniel Theis,C,30,IND,7,109,14.4,0.497,0.25,0.273,7.1,15.2,11.1,12.4,0.9,4.8,5.7,20.1,,0,0.1,0.1,0.052,,-0.9,-0.5,-1.4,0
447,Cam Thomas,SG,21,BRK,43,738,16.8,0.585,0.277,0.437,1.1,9.7,5.6,14.1,1.1,0.6,9.7,28,,0.8,0.5,1.3,0.084,,0.4,-1.9,-1.4,0.1
448,Klay Thompson,SG,32,GSW,49,1603,14.8,0.57,0.585,0.113,2.2,10.8,6.6,11.5,0.9,0.9,8,27,,0.8,1.1,2,0.059,,1.5,-2.1,-0.6,0.5
449,JT Thor,PF,20,CHO,49,540,5.6,0.449,0.5,0.238,4.9,12,8.3,4.5,1.1,1.8,14,12.1,,-0.5,0.3,-0.1,-0.012,,-5,-0.8,-5.8,-0.5
450,Matisse Thybulle,SG,25,TOT,53,710,10.1,0.546,0.564,0.093,3.7,9,6.3,5.6,3.7,2.3,7,9.8,,0.4,1.1,1.5,0.102,,-3.4,3.1,-0.3,0.3
450,Matisse Thybulle,SG,25,PHI,49,591,10,0.536,0.543,0.103,4,8.4,6.2,5.2,3.8,2.2,6.2,9.7,,0.3,1,1.3,0.103,,-3.3,3.3,0,0.3
450,Matisse Thybulle,SG,25,POR,4,119,10.8,0.593,0.667,0.042,2,11.6,6.8,7.8,3.7,3,10.9,10.1,,0.1,0.2,0.2,0.094,,-3.5,1.9,-1.6,0
451,Xavier Tillman Sr.,PF,24,MEM,40,617,17.2,0.617,0.068,0.408,12.1,15.8,13.9,10.1,2.4,2.3,11.3,13,,1.2,1.1,2.3,0.177,,0.3,1.8,2.1,0.6
452,Isaiah Todd,PF,21,WAS,4,13,-3.2,0.25,0.75,0,0,0,0,0,0,0,0,13.4,,0,0,0,-0.16,,-8,-5.6,-13.6,0
453,Obi Toppin,PF,24,NYK,47,696,11.7,0.528,0.595,0.117,3.3,19,11.1,7.8,1.1,1.1,8,18.6,,0.3,0.8,1.1,0.074,,-0.6,-0.5,-1.1,0.1
454,Juan Toscano-Anderson,SF,29,TOT,33,415,7.4,0.546,0.311,0.203,4.2,15,9.8,8.7,1.4,1.6,19.9,10.2,,0,0.4,0.4,0.047,,-4.7,1.2,-3.4,-0.1
454,Juan Toscano-Anderson,SF,29,LAL,30,365,7.5,0.558,0.303,0.227,4.2,13.2,8.9,8.6,1.3,1.6,19,10.3,,0,0.4,0.4,0.051,,-4.6,1,-3.6,-0.1
454,Juan Toscano-Anderson,SF,29,UTA,3,50,6.4,0.438,0.375,0,4.4,28.1,16.3,9.8,1.9,1.6,27.3,9.2,,0,0.1,0,0.022,,-5.3,2.8,-2.5,0
455,Karl-Anthony Towns,PF,27,MIN,21,709,19.3,0.625,0.386,0.343,5.7,21.2,13.6,23.3,1.1,1.8,15.7,24.9,,1.3,0.8,2.1,0.145,,2.3,0.9,3.3,1
456,Gary Trent Jr.,SG,24,TOR,53,1782,15.1,0.562,0.486,0.23,1.3,7.7,4.3,7.4,2.4,0.8,5.4,21.9,,2.1,1.5,3.7,0.099,,0.2,-0.2,0,0.9
457,P.J. Tucker,PF,37,PHI,57,1485,5.6,0.571,0.589,0.119,6.1,12.3,9.3,3.9,0.9,0.8,17.3,6.4,,0.7,1.4,2,0.065,,-3.5,0.1,-3.3,-0.5
458,Myles Turner,C,26,IND,52,1554,20.4,0.655,0.355,0.373,5.8,23.7,14.7,6.9,0.9,6.7,10.7,21.7,,3,2,5,0.155,,1.8,0.7,2.5,1.8
459,Stanley Umude,SG,23,DET,1,2,65.5,0.532,1,2,0,0,0,0,24.1,43.8,0,39.8,,0,0,0,0.626,,15.7,32.8,48.4,0
460,Jonas Valan?i?nas,C,30,NOP,60,1494,19.1,0.607,0.146,0.286,12.8,31.4,22.1,10.4,0.5,1.8,14,23.4,,2.3,2,4.3,0.139,,0.2,-1,-0.8,0.5
461,Jarred Vanderbilt,PF,23,TOT,57,1366,16.8,0.618,0.175,0.32,11,24.9,18,15.3,2.1,1,16,14,,2.6,1.8,4.3,0.153,,0.3,1.6,2,1.4
461,Jarred Vanderbilt,PF,23,UTA,52,1254,16.2,0.607,0.183,0.328,10.6,24.8,17.8,15.3,2,1,16,14.2,,2.2,1.6,3.7,0.143,,0.1,1.4,1.5,1.1
461,Jarred Vanderbilt,PF,23,LAL,5,112,23.2,0.751,0.077,0.231,14.7,26.6,20.9,14.7,3.4,0.8,14.9,12.7,,0.4,0.2,0.6,0.255,,3.1,3.7,6.8,0.3
462,Fred VanVleet,PG,28,TOR,50,1847,16.9,0.541,0.534,0.262,1.4,12.6,6.6,26.4,2.1,1.6,9.4,23.2,,2.8,1.8,4.6,0.119,,2.1,0.2,2.3,2
463,Devin Vassell,SG,22,SAS,29,907,16.6,0.562,0.438,0.188,0.7,13.9,7,17.3,1.8,1.1,8.2,24.9,,0.8,0.3,1.2,0.063,,2.1,-1,1,0.7
464,Gabe Vincent,PG,26,MIA,47,1233,8.8,0.529,0.627,0.162,1.6,8.7,5,14.4,1.7,0.3,14,17.9,,-0.3,1.4,1,0.039,,-3.5,-0.1,-3.6,-0.5
465,Noah Vonleh,C,27,BOS,23,171,6,0.502,0.167,0.083,11.8,19,15.4,5.1,0.6,4,30.7,9.2,,0,0.2,0.2,0.056,,-6.9,0.5,-6.4,-0.2
466,Nikola Vu?evi?,C,32,CHI,61,2065,19.3,0.592,0.326,0.137,7,30.6,19,14.7,1,2.3,10,21.6,,3.1,3.3,6.4,0.148,,2.2,0.8,3,2.6
467,Dean Wade,PF,26,CLE,34,712,9.4,0.578,0.699,0.161,2.7,18.1,10.5,5.5,1.6,2.1,8.4,10.5,,0.5,1.2,1.6,0.111,,-2.3,2.4,0.1,0.4
468,Franz Wagner,SF,21,ORL,60,1989,16.1,0.592,0.32,0.296,3.1,10.5,6.8,16.8,1.3,0.5,11.6,23.6,,2.6,1.5,4.1,0.099,,0.5,-0.7,-0.2,0.9
469,Moritz Wagner,C,25,ORL,40,836,17.6,0.629,0.425,0.449,7.2,18,12.6,12.2,1.7,1,12,20.7,,1.8,0.9,2.7,0.155,,0.6,0.4,1,0.6
470,Ish Wainright,SF,28,PHO,44,684,10.3,0.545,0.749,0.15,5.7,9.8,7.7,8.4,2.5,2,9.6,12.3,,0.6,0.9,1.5,0.102,,-2.4,2,-0.4,0.3
471,Jabari Walker,SF,20,POR,40,364,10.5,0.51,0.268,0.299,10.6,15.5,13.1,7.9,0.5,2.2,11.3,14.8,,0.2,0.2,0.4,0.057,,-3,-1.7,-4.7,-0.3
472,Kemba Walker,PG,32,DAL,9,144,15.2,0.543,0.491,0.368,2.4,10.8,6.5,20.5,0.7,1.3,5.7,22.1,,0.2,0.1,0.3,0.105,,0.3,-0.6,-0.3,0.1
473,Lonnie Walker IV,SG,24,LAL,44,1138,12.3,0.574,0.456,0.192,1.3,7,4.2,7.1,1.1,1,7.2,19.6,,0.8,0.8,1.5,0.065,,-1,-0.7,-1.7,0.1
474,John Wall,PG,32,LAC,34,755,13.9,0.498,0.322,0.334,2.1,11.5,6.8,36,1.8,1.4,17.1,27.1,,-0.4,0.8,0.4,0.024,,-0.7,-0.6,-1.3,0.1
475,T.J. Warren,PF-SF,29,TOT,28,505,14.7,0.579,0.239,0.161,3.3,13.7,8.7,8.6,1.5,1.2,7.2,20.9,,0.4,0.5,0.9,0.083,,-1.2,-0.7,-1.9,0
475,T.J. Warren,PF,29,BRK,26,490,14.5,0.576,0.24,0.165,3.1,13.2,8.4,8.9,1.5,1.2,7.3,21.1,,0.4,0.4,0.8,0.079,,-1.3,-0.8,-2.1,0
475,T.J. Warren,SF,29,PHO,2,15,20.8,0.7,0.2,0,7.2,30.2,18.5,0,3.3,0,0,14.2,,0,0,0.1,0.216,,2.5,1.9,4.4,0
476,Duane Washington Jr.,SG,22,PHO,31,394,9.5,0.458,0.434,0.094,0.5,9.8,5.1,25.7,0.7,0.9,11.3,32.5,,-0.8,0.3,-0.5,-0.061,,-1.7,-2.9,-4.5,-0.3
477,P.J. Washington,PF,24,CHO,60,1975,12.9,0.545,0.444,0.178,3.2,12.4,7.6,10.6,1.3,3,9.1,19.5,,0.8,1.6,2.3,0.057,,-0.8,-0.4,-1.2,0.4
478,TyTy Washington Jr.,PG,21,HOU,25,357,7.4,0.428,0.474,0.12,0.6,10.8,5.7,16.2,1.6,0.3,7.3,17.5,,-0.2,0.1,-0.1,-0.014,,-5.1,-1.3,-6.4,-0.4
479,Yuta Watanabe,SF,28,BRK,44,781,13.1,0.672,0.567,0.201,3.9,11.8,8,6.5,1.2,1.7,7.5,13,,1.4,0.6,2,0.123,,0.5,-0.5,0,0.4
480,Lindy Waters III,SG,25,OKC,25,279,12.1,0.577,0.923,0.088,2.6,13.7,8.1,7.9,1.5,2,6,15,,0.3,0.3,0.6,0.105,,0.6,0,0.6,0.2
481,Trendon Watford,PF,22,POR,44,723,12.5,0.657,0.205,0.435,4.5,18.8,11.7,14.4,1,0.7,18.7,14.2,,1,0.5,1.5,0.097,,-1.4,-0.2,-1.6,0.1
482,Peyton Watson,SG,20,DEN,13,42,14,0.583,0.167,0.111,8.5,13.4,11,3.5,0,2.1,9.6,21.6,,0,0,0,0.042,,-0.7,-3.6,-4.3,0
483,Blake Wesley,SG,19,SAS,17,237,3.1,0.449,0.269,0.192,1.3,11.2,6.1,14.3,1.4,0.3,22.1,19,,-0.6,0,-0.5,-0.11,,-8,-2.5,-10.5,-0.5
484,Russell Westbrook,PG,34,TOT,54,1556,15.7,0.501,0.291,0.324,4.2,18,11.3,38.5,1.8,1.3,18.3,28.5,,-1.1,1.9,0.8,0.025,,-0.2,0,-0.2,0.7
484,Russell Westbrook,PG,34,LAL,52,1491,15.4,0.496,0.292,0.326,4.4,18.1,11.4,38.3,1.7,1.3,18.1,28.8,,-1.2,1.8,0.6,0.019,,-0.2,-0.1,-0.3,0.6
484,Russell Westbrook,PG,34,LAC,2,65,20.7,0.663,0.261,0.261,1.7,15.4,8.6,43.4,4.5,0,26,23.3,,0.1,0.1,0.2,0.167,,-0.7,1.8,1.2,0.1
485,Coby White,SG,22,CHI,53,1186,11.3,0.555,0.613,0.138,1.1,12.4,6.9,12.4,1.6,0.4,9.2,17.3,,0.5,1.3,1.9,0.075,,-1.6,0.3,-1.3,0.2
486,Derrick White,SG,28,BOS,61,1686,15.4,0.599,0.517,0.246,2.3,10.7,6.5,19.4,1.3,2.8,9.7,17.5,,3.2,2.1,5.3,0.15,,1.1,1.1,2.2,1.8
487,Jack White,SF,25,DEN,15,47,12.1,0.548,0.5,0.188,7.6,12,9.9,5.6,1,3.8,5.5,16.9,,0,0,0.1,0.101,,-2.1,-0.9,-3,0
488,Joe Wieskamp,SF,23,TOR,3,24,6.7,0.563,0.875,0,0,10.2,4.7,5.7,0,0,11.1,15.9,,0,0,0,0.012,,-1.5,-3.5,-5,0
489,Aaron Wiggins,SG,24,OKC,48,889,11.8,0.606,0.358,0.203,5.9,12.2,9,9.7,1.3,0.9,13.7,13.7,,1,0.8,1.8,0.096,,-1.5,-0.7,-2.2,-0.1
490,Andrew Wiggins,SF,27,GSW,37,1190,14.8,0.564,0.425,0.136,5.7,11.4,8.6,10.6,1.8,2.1,7.9,21.5,,0.9,1.2,2.2,0.087,,-0.1,-0.5,-0.6,0.4
491,Alondes Williams,SG,23,BRK,1,5,-21,,,,0,21.9,11.4,0,0,0,100,17.9,,-0.1,0,-0.1,-0.522,,-21.1,-5.5,-26.6,0
492,Grant Williams,PF,24,BOS,60,1651,10.6,0.616,0.591,0.257,4.5,14.6,9.6,8.7,1.1,1.2,13.7,12.8,,1.7,1.9,3.7,0.106,,-1.5,0.6,-0.9,0.5
493,Jalen Williams,SG,21,OKC,56,1636,13.8,0.58,0.277,0.209,3.5,11.9,7.6,13.7,2.1,1.6,12.7,17.4,,1.4,1.8,3.2,0.094,,-1.5,0.5,-1,0.4
494,Jaylin Williams,PF,20,OKC,28,460,12.6,0.586,0.407,0.22,5.3,24.9,14.9,11.9,1.1,1,12.3,14,,0.5,0.6,1.1,0.114,,-1.4,0.3,-1.1,0.1
495,Kenrich Williams,PF,28,OKC,52,1177,14.6,0.586,0.392,0.11,8.6,14.9,11.7,11.9,1.6,1.1,7.6,13.6,,2.1,1.2,3.3,0.136,,0.4,0.2,0.6,0.8
496,Mark Williams,C,21,CHO,31,506,21.7,0.673,0,0.406,11.7,28.1,19.7,2.7,2.1,6.3,11.2,16.9,,1.1,0.9,2,0.187,,-0.1,1,0.8,0.4
497,Patrick Williams,PF,21,CHI,61,1765,11,0.573,0.415,0.158,4,12.9,8.5,6.3,1.4,2.5,12.9,15.4,,0.4,2.2,2.6,0.07,,-1.7,0.4,-1.3,0.3
498,Robert Williams,C,25,BOS,25,600,20.5,0.749,0.008,0.174,14.7,24.9,19.9,9.6,1.1,3.8,13.9,12,,1.9,1,2.9,0.229,,1.8,1.6,3.5,0.8
499,Vince Williams Jr.,SG,22,MEM,9,49,4.2,0.269,0.692,0,4.3,10.7,7.5,7.3,3.9,1.8,7.1,11.7,,-0.1,0.1,0,-0.001,,-7.5,3.3,-4.2,0
500,Ziaire Williams,SF,21,MEM,29,490,6.3,0.499,0.513,0.106,2.6,12.4,7.5,6.4,1.2,0.9,15.2,16.5,,-0.5,0.6,0.1,0.011,,-5.4,-0.6,-6,-0.5
501,Zion Williamson,PF,22,NOP,29,956,25.3,0.652,0.041,0.529,6.8,17,11.9,24.3,1.6,1.6,14.6,30.1,,2.4,1.1,3.6,0.179,,4.8,0.8,5.7,1.8
502,Justise Winslow,SF,26,POR,29,776,9.4,0.466,0.227,0.141,7.4,14.2,10.8,17,1.9,1.2,17,14.3,,0,0.6,0.6,0.036,,-3.3,0.7,-2.6,-0.1
503,James Wiseman,C,21,TOT,24,330,15.3,0.623,0.041,0.328,7.4,25.4,16.4,6.4,0.4,2.1,12,20.2,,0.4,0.3,0.7,0.101,,-2.5,-0.8,-3.3,-0.1
503,James Wiseman,C,21,GSW,21,262,17.2,0.655,0.021,0.404,7.6,22.8,15.3,8.1,0.5,2.4,11.2,20,,0.5,0.3,0.8,0.141,,-1.3,-0.6,-1.9,0
503,James Wiseman,C,21,DET,3,68,8.4,0.502,0.107,0.071,6.3,35.1,20.3,0,0,1.3,14.8,21.1,,-0.1,0.1,-0.1,-0.05,,-7,-1.7,-8.6,-0.1
504,Christian Wood,C,27,DAL,50,1371,21.1,0.631,0.377,0.34,5.7,28.9,17.1,11,0.8,3.9,12,26.3,,2.3,1.7,4,0.14,,2.2,-0.2,2,1.3
505,Delon Wright,PG,30,WAS,31,702,16.2,0.585,0.455,0.188,5.6,10,7.9,20.5,4.2,1.2,14.4,12.9,,1.1,1.1,2.2,0.148,,0.2,3.7,3.9,1.1
506,McKinley Wright IV,PG,24,DAL,20,206,11.5,0.529,0.286,0.224,3.4,11.6,7.4,25.7,1.7,1.3,18.2,14.5,,0.1,0.2,0.3,0.074,,-2.6,-0.4,-3,-0.1
507,Thaddeus Young,PF,34,TOR,49,758,14.5,0.588,0.168,0.141,9.3,14.3,11.6,12.9,3.4,0.6,16.6,13.2,,0.8,1,1.8,0.115,,-1.7,1.9,0.2,0.4
508,Trae Young,PG,24,ATL,54,1907,22.2,0.571,0.336,0.448,2.2,6.9,4.5,42.9,1.4,0.4,14.7,33.2,,3.9,1.1,5,0.127,,5.3,-1.9,3.4,2.6
509,Cody Zeller,C,30,MIA,2,31,20.2,0.709,0,0.222,17.8,7.8,13,15.8,1.6,3.3,16.8,16.9,,0.1,0,0.1,0.219,,-0.5,1.4,0.9,0
510,Ivica Zubac,C,25,LAC,59,1734,15.8,0.648,0.005,0.477,12.7,25.8,19.3,5.1,0.7,4,17.9,14.3,,2.6,2.3,4.9,0.135,,-1.6,0.1,-1.5,0.2
